Customer ID,Recency,Frequency,Monetary,R_Score,F_Score,M_Score,RFM_Score,Segment
CG-10000,191,35,25338.4,1,4,3,2.6666666666666665,At Risk
CG-10001,144,26,20339.97,2,1,2,1.6666666666666667,Needs Attention
CG-10002,81,37,25862.7,4,4,3,3.6666666666666665,Loyal Customers
CG-10003,124,21,10824.46,3,1,1,1.6666666666666667,Needs Attention
CG-10004,167,32,37280.17,2,3,5,3.3333333333333335,At Risk
CG-10005,226,39,28835.21,1,5,4,3.3333333333333335,At Risk
CG-10006,113,27,13612.73,3,1,1,1.6666666666666667,Needs Attention
CG-10007,256,24,9443.26,1,1,1,1.0,Lost
CG-10008,64,31,16169.46,5,2,1,2.6666666666666665,New Customers
CG-10009,269,26,23471.89,1,1,3,1.6666666666666667,Lost
CG-10010,120,35,20216.96,3,4,2,3.0,Needs Attention
CG-10011,10,27,9438.5,5,1,1,2.3333333333333335,New Customers
CG-10012,80,24,16566.66,4,1,1,2.0,New Customers
CG-10013,64,32,32625.82,5,3,4,4.0,Loyal Customers
CG-10014,123,31,24317.4,3,2,3,2.6666666666666665,Needs Attention
CG-10015,55,41,29205.38,5,5,4,4.666666666666667,Champions
CG-10016,103,32,15847.27,3,3,1,2.3333333333333335,Needs Attention
CG-10017,70,35,18828.08,4,4,2,3.3333333333333335,Needs Attention
CG-10018,313,33,22020.88,1,3,3,2.3333333333333335,At Risk
CG-10019,217,31,18849.75,1,2,2,1.6666666666666667,Lost
CG-10020,144,33,27672.63,2,3,4,3.0,At Risk
CG-10021,16,37,37744.87,5,4,5,4.666666666666667,Champions
CG-10022,249,34,19883.42,1,4,2,2.3333333333333335,Needs Attention
CG-10023,187,24,19708.36,1,1,2,1.3333333333333333,Lost
CG-10024,114,32,13893.53,3,3,1,2.3333333333333335,Needs Attention
CG-10025,111,36,27593.66,3,4,4,3.6666666666666665,Loyal Customers
CG-10026,158,35,24514.91,2,4,3,3.0,At Risk
CG-10027,140,28,24456.78,2,2,3,2.3333333333333335,Needs Attention
CG-10028,147,28,11332.949999999999,2,2,1,1.6666666666666667,Needs Attention
CG-10029,104,40,12757.42,3,5,1,3.0,Needs Attention
CG-10030,86,41,32733.48,4,5,4,4.333333333333333,Champions
CG-10031,224,34,50422.34,1,4,5,3.3333333333333335,At Risk
CG-10032,88,23,42330.65,4,1,5,3.3333333333333335,New Customers
CG-10033,200,33,28159.629999999997,1,3,4,2.6666666666666665,At Risk
CG-10034,96,37,28472.97,4,4,4,4.0,Champions
CG-10035,100,37,25622.89,4,4,3,3.6666666666666665,Loyal Customers
CG-10036,139,36,24805.17,2,4,3,3.0,At Risk
CG-10037,78,27,16576.45,4,1,1,2.0,New Customers
CG-10038,76,34,27555.480000000003,4,4,4,4.0,Champions
CG-10039,111,31,15986.56,3,2,1,2.0,Needs Attention
CG-10040,71,36,33063.17,4,4,5,4.333333333333333,Champions
CG-10041,9,39,40898.65,5,5,5,5.0,Champions
CG-10042,148,31,33966.9,2,2,5,3.0,Needs Attention
CG-10043,200,36,39234.31,1,4,5,3.3333333333333335,At Risk
CG-10044,90,31,19680.9,4,2,2,2.6666666666666665,New Customers
CG-10045,209,26,21047.61,1,1,2,1.3333333333333333,Lost
CG-10046,105,32,18019.04,3,3,2,2.6666666666666665,Needs Attention
CG-10047,210,26,18246.510000000002,1,1,2,1.3333333333333333,Lost
CG-10048,80,34,37420.57,4,4,5,4.333333333333333,Champions
CG-10049,134,41,46610.57,3,5,5,4.333333333333333,Loyal Customers
CG-10050,129,29,28782.62,3,2,4,3.0,Potential Loyalists
CG-10051,94,30,29767.35,4,2,4,3.3333333333333335,New Customers
CG-10052,81,30,20454.079999999998,4,2,2,2.6666666666666665,New Customers
CG-10053,114,33,28768.71,3,3,4,3.3333333333333335,Loyal Customers
CG-10054,46,28,23364.12,5,2,3,3.3333333333333335,New Customers
CG-10055,91,36,32035.74,4,4,4,4.0,Champions
CG-10056,43,33,17870.63,5,3,2,3.3333333333333335,Needs Attention
CG-10057,125,33,17915.91,3,3,2,2.6666666666666665,Needs Attention
CG-10058,104,41,18160.75,3,5,2,3.3333333333333335,Needs Attention
CG-10059,41,26,31442.4,5,1,4,3.3333333333333335,New Customers
CG-10060,132,30,19864.920000000002,3,2,2,2.3333333333333335,Needs Attention
CG-10061,30,32,27797.66,5,3,4,4.0,Loyal Customers
CG-10062,67,39,33235.12,5,5,5,5.0,Champions
CG-10063,25,41,46159.86,5,5,5,5.0,Champions
CG-10064,26,34,27198.260000000002,5,4,4,4.333333333333333,Champions
CG-10065,192,26,13597.9,1,1,1,1.0,Lost
CG-10066,105,35,38663.75,3,4,5,4.0,Loyal Customers
CG-10067,137,30,28415.04,2,2,4,2.6666666666666665,Needs Attention
CG-10068,151,32,35121.73,2,3,5,3.3333333333333335,At Risk
CG-10069,289,33,25294.6,1,3,3,2.3333333333333335,At Risk
CG-10070,140,40,30221.11,2,5,4,3.6666666666666665,At Risk
CG-10071,66,35,21337.24,5,4,2,3.6666666666666665,Needs Attention
CG-10072,137,24,10878.98,2,1,1,1.3333333333333333,Needs Attention
CG-10073,207,28,15859.72,1,2,1,1.3333333333333333,Lost
CG-10074,66,40,29852.66,5,5,4,4.666666666666667,Champions
CG-10075,18,27,29714.57,5,1,4,3.3333333333333335,New Customers
CG-10076,47,30,20505.18,5,2,2,3.0,New Customers
CG-10077,175,37,18629.010000000002,2,4,2,2.6666666666666665,Needs Attention
CG-10078,119,36,31403.27,3,4,4,3.6666666666666665,Loyal Customers
CG-10079,100,32,25560.48,4,3,3,3.3333333333333335,Loyal Customers
CG-10080,162,25,25382.48,2,1,3,2.0,Needs Attention
CG-10081,134,30,17953.89,3,2,2,2.3333333333333335,Needs Attention
CG-10082,85,34,34953.5,4,4,5,4.333333333333333,Champions
CG-10083,99,34,22666.489999999998,4,4,3,3.6666666666666665,Loyal Customers
CG-10084,190,25,31189.63,1,1,4,2.0,Lost
CG-10085,120,38,17298.77,3,5,2,3.3333333333333335,Needs Attention
CG-10086,103,35,26686.649999999998,3,4,4,3.6666666666666665,Loyal Customers
CG-10087,132,37,22033.8,3,4,3,3.3333333333333335,Loyal Customers
CG-10088,49,35,24718.41,5,4,3,4.0,Loyal Customers
CG-10089,139,29,28713.6,2,2,4,2.6666666666666665,Needs Attention
CG-10090,27,41,46322.02,5,5,5,5.0,Champions
CG-10091,61,25,21707.64,5,1,2,2.6666666666666665,New Customers
CG-10092,164,36,26038.38,2,4,3,3.0,At Risk
CG-10093,158,29,20328.2,2,2,2,2.0,Needs Attention
CG-10094,95,45,41129.61,4,5,5,4.666666666666667,Champions
CG-10095,97,44,48128.27,4,5,5,4.666666666666667,Champions
CG-10096,151,42,36664.38,2,5,5,4.0,At Risk
CG-10097,77,40,29045.77,4,5,4,4.333333333333333,Champions
CG-10098,31,26,30699.45,5,1,4,3.3333333333333335,New Customers
CG-10099,85,33,35487.09,4,3,5,4.0,Loyal Customers
CG-10100,167,39,24544.3,2,5,3,3.3333333333333335,At Risk
CG-10101,210,35,24011.47,1,4,3,2.6666666666666665,At Risk
CG-10102,85,35,34796.06999999999,4,4,5,4.333333333333333,Champions
CG-10103,215,34,15741.52,1,4,1,2.0,Needs Attention
CG-10104,109,31,18320.87,3,2,2,2.3333333333333335,Needs Attention
CG-10105,34,26,19010.34,5,1,2,2.6666666666666665,New Customers
CG-10106,167,39,29664.05,2,5,4,3.6666666666666665,At Risk
CG-10107,132,37,31042.94,3,4,4,3.6666666666666665,Loyal Customers
CG-10108,21,30,29345.52,5,2,4,3.6666666666666665,New Customers
CG-10109,118,30,19497.68,3,2,2,2.3333333333333335,Needs Attention
CG-10110,126,42,38132.49,3,5,5,4.333333333333333,Loyal Customers
CG-10111,287,24,23360.53,1,1,3,1.6666666666666667,Lost
CG-10112,220,28,26606.65,1,2,4,2.3333333333333335,Lost
CG-10113,85,27,17253.81,4,1,2,2.3333333333333335,New Customers
CG-10114,80,44,37618.32,4,5,5,4.666666666666667,Champions
CG-10115,317,33,19340.25,1,3,2,2.0,Needs Attention
CG-10116,179,23,25439.79,1,1,3,1.6666666666666667,Lost
CG-10117,201,27,25790.41,1,1,3,1.6666666666666667,Lost
CG-10118,154,40,32696.45,2,5,4,3.6666666666666665,At Risk
CG-10119,112,30,16305.5,3,2,1,2.0,Needs Attention
CG-10120,13,29,12339.5,5,2,1,2.6666666666666665,New Customers
CG-10121,97,25,10949.15,4,1,1,2.0,New Customers
CG-10122,270,31,25341.01,1,2,3,2.0,Lost
CG-10123,102,43,56549.73,4,5,5,4.666666666666667,Champions
CG-10124,135,29,24016.04,3,2,3,2.6666666666666665,Needs Attention
CG-10125,14,33,22430.7,5,3,3,3.6666666666666665,Loyal Customers
CG-10126,96,31,42927.48,4,2,5,3.6666666666666665,New Customers
CG-10127,124,20,18264.19,3,1,2,2.0,Needs Attention
CG-10128,206,22,12602.41,1,1,1,1.0,Lost
CG-10129,106,29,16047.47,3,2,1,2.0,Needs Attention
CG-10130,108,33,44396.96,3,3,5,3.6666666666666665,Loyal Customers
CG-10131,196,22,18167.57,1,1,2,1.3333333333333333,Lost
CG-10132,91,35,24545.43,4,4,3,3.6666666666666665,Loyal Customers
CG-10133,174,35,37594.13,2,4,5,3.6666666666666665,At Risk
CG-10134,197,28,19793.760000000002,1,2,2,1.6666666666666667,Lost
CG-10135,66,32,22357.670000000002,5,3,3,3.6666666666666665,Loyal Customers
CG-10136,36,28,18936.899999999998,5,2,2,3.0,New Customers
CG-10137,228,27,23190.68,1,1,3,1.6666666666666667,Lost
CG-10138,77,33,51091.74,4,3,5,4.0,Loyal Customers
CG-10139,182,23,10991.57,1,1,1,1.0,Lost
CG-10140,34,36,30991.85,5,4,4,4.333333333333333,Champions
CG-10141,173,33,32130.21,2,3,4,3.0,At Risk
CG-10142,262,31,16749.34,1,2,1,1.3333333333333333,Lost
CG-10143,25,29,31665.64,5,2,4,3.6666666666666665,New Customers
CG-10144,134,33,22414.59,3,3,3,3.0,Loyal Customers
CG-10145,201,30,17418.09,1,2,2,1.6666666666666667,Lost
CG-10146,64,27,30235.28,5,1,4,3.3333333333333335,New Customers
CG-10147,93,35,22632.78,4,4,3,3.6666666666666665,Loyal Customers
CG-10148,109,26,31349.210000000003,3,1,4,2.6666666666666665,Potential Loyalists
CG-10149,65,31,22412.13,5,2,3,3.3333333333333335,New Customers
CG-10150,70,42,22372.57,4,5,3,4.0,Loyal Customers
CG-10151,116,30,21543.07,3,2,2,2.3333333333333335,Needs Attention
CG-10152,55,35,23085.68,5,4,3,4.0,Loyal Customers
CG-10153,179,29,25854.41,1,2,3,2.0,Lost
CG-10154,108,30,33279.6,3,2,5,3.3333333333333335,Potential Loyalists
CG-10155,45,28,25781.0,5,2,3,3.3333333333333335,New Customers
CG-10156,60,32,23370.71,5,3,3,3.6666666666666665,Loyal Customers
CG-10157,113,30,21570.31,3,2,2,2.3333333333333335,Needs Attention
CG-10158,83,36,26355.94,4,4,3,3.6666666666666665,Loyal Customers
CG-10159,61,37,34549.87,5,4,5,4.666666666666667,Champions
CG-10160,201,28,13097.3,1,2,1,1.3333333333333333,Lost
CG-10161,108,33,23137.67,3,3,3,3.0,Loyal Customers
CG-10162,112,37,29638.97,3,4,4,3.6666666666666665,Loyal Customers
CG-10163,187,25,14854.5,1,1,1,1.0,Lost
CG-10164,130,27,27293.15,3,1,4,2.6666666666666665,Potential Loyalists
CG-10165,38,29,19125.14,5,2,2,3.0,New Customers
CG-10166,86,31,16653.89,4,2,1,2.3333333333333335,New Customers
CG-10167,142,27,23070.5,2,1,3,2.0,Needs Attention
CG-10168,32,39,26706.260000000002,5,5,4,4.666666666666667,Champions
CG-10169,103,31,24969.81,3,2,3,2.6666666666666665,Needs Attention
CG-10170,233,28,8732.05,1,2,1,1.3333333333333333,Lost
CG-10171,45,30,24144.39,5,2,3,3.3333333333333335,New Customers
CG-10172,147,29,40257.33,2,2,5,3.0,Needs Attention
CG-10173,46,37,18851.31,5,4,2,3.6666666666666665,Needs Attention
CG-10174,31,42,25081.44,5,5,3,4.333333333333333,Loyal Customers
CG-10175,28,26,27270.61,5,1,4,3.3333333333333335,New Customers
CG-10176,103,30,18983.55,3,2,2,2.3333333333333335,Needs Attention
CG-10177,197,43,34853.47,1,5,5,3.6666666666666665,At Risk
CG-10178,218,21,13812.26,1,1,1,1.0,Lost
CG-10179,101,23,9545.94,4,1,1,2.0,New Customers
CG-10180,99,36,35877.909999999996,4,4,5,4.333333333333333,Champions
CG-10181,170,28,19352.88,2,2,2,2.0,Needs Attention
CG-10182,179,29,23838.26,1,2,3,2.0,Lost
CG-10183,152,18,14638.4,2,1,1,1.3333333333333333,Needs Attention
CG-10184,179,31,16349.109999999999,1,2,1,1.3333333333333333,Lost
CG-10185,147,26,10472.689999999999,2,1,1,1.3333333333333333,Needs Attention
CG-10186,202,32,26923.55,1,3,4,2.6666666666666665,At Risk
CG-10187,182,26,21982.46,1,1,3,1.6666666666666667,Lost
CG-10188,169,27,19170.170000000002,2,1,2,1.6666666666666667,Needs Attention
CG-10189,69,26,32698.3,4,1,4,3.0,New Customers
CG-10190,123,26,27239.73,3,1,4,2.6666666666666665,Potential Loyalists
CG-10191,253,25,11019.65,1,1,1,1.0,Lost
CG-10192,162,32,22297.23,2,3,3,2.6666666666666665,At Risk
CG-10193,184,41,53248.159999999996,1,5,5,3.6666666666666665,At Risk
CG-10194,139,36,36242.67,2,4,5,3.6666666666666665,At Risk
CG-10195,37,29,22185.18,5,2,3,3.3333333333333335,New Customers
CG-10196,60,24,9191.9,5,1,1,2.3333333333333335,New Customers
CG-10197,137,26,24295.76,2,1,3,2.0,Needs Attention
CG-10198,87,24,15454.33,4,1,1,2.0,New Customers
CG-10199,214,29,28097.55,1,2,4,2.3333333333333335,Lost
CG-10200,88,43,33368.56,4,5,5,4.666666666666667,Champions
CG-10201,113,28,10128.41,3,2,1,2.0,Needs Attention
CG-10202,103,35,39838.64,3,4,5,4.0,Loyal Customers
CG-10203,163,24,14405.0,2,1,1,1.3333333333333333,Needs Attention
CG-10204,100,34,30256.43,4,4,4,4.0,Champions
CG-10205,123,39,33354.78,3,5,5,4.333333333333333,Loyal Customers
CG-10206,72,38,29790.7,4,5,4,4.333333333333333,Champions
CG-10207,119,25,27523.989999999998,3,1,4,2.6666666666666665,Potential Loyalists
CG-10208,95,36,27063.4,4,4,4,4.0,Champions
CG-10209,72,39,32429.14,4,5,4,4.333333333333333,Champions
CG-10210,203,28,24855.9,1,2,3,2.0,Lost
CG-10211,166,39,22573.7,2,5,3,3.3333333333333335,At Risk
CG-10212,207,27,38203.06,1,1,5,2.3333333333333335,Lost
CG-10213,119,35,9790.35,3,4,1,2.6666666666666665,Needs Attention
CG-10214,152,32,23204.71,2,3,3,2.6666666666666665,At Risk
CG-10215,197,29,16107.199999999999,1,2,1,1.3333333333333333,Lost
CG-10216,53,28,14929.52,5,2,1,2.6666666666666665,New Customers
CG-10217,100,33,20313.62,4,3,2,3.0,Needs Attention
CG-10218,247,27,13649.49,1,1,1,1.0,Lost
CG-10219,181,32,32169.19,1,3,4,2.6666666666666665,At Risk
CG-10220,121,32,13827.82,3,3,1,2.3333333333333335,Needs Attention
CG-10221,30,45,32732.29,5,5,4,4.666666666666667,Champions
CG-10222,66,45,37882.659999999996,5,5,5,5.0,Champions
CG-10223,126,24,17955.53,3,1,2,2.0,Needs Attention
CG-10224,207,29,31491.129999999997,1,2,4,2.3333333333333335,Lost
CG-10225,208,27,31095.59,1,1,4,2.0,Lost
CG-10226,133,34,14969.630000000001,3,4,1,2.6666666666666665,Needs Attention
CG-10227,85,28,29786.03,4,2,4,3.3333333333333335,New Customers
CG-10228,64,35,26171.54,5,4,3,4.0,Loyal Customers
CG-10229,145,31,24019.21,2,3,3,2.6666666666666665,At Risk
CG-10230,49,38,27198.32,5,5,4,4.666666666666667,Champions
CG-10231,174,32,23611.02,2,3,3,2.6666666666666665,At Risk
CG-10232,71,40,30908.170000000002,4,5,4,4.333333333333333,Champions
CG-10233,97,33,30856.16,4,3,4,3.6666666666666665,Loyal Customers
CG-10234,82,27,31884.93,4,1,4,3.0,New Customers
CG-10235,119,37,20848.170000000002,3,4,2,3.0,Needs Attention
CG-10236,274,17,12331.619999999999,1,1,1,1.0,Lost
CG-10237,72,34,19593.07,4,4,2,3.3333333333333335,Needs Attention
CG-10238,143,27,11007.1,2,1,1,1.3333333333333333,Needs Attention
CG-10239,180,23,21699.620000000003,1,1,2,1.3333333333333333,Lost
CG-10240,148,31,20515.37,2,3,2,2.3333333333333335,Needs Attention
CG-10241,206,29,44200.39,1,2,5,2.6666666666666665,Lost
CG-10242,191,22,11556.27,1,1,1,1.0,Lost
CG-10243,101,24,22338.32,4,1,3,2.6666666666666665,New Customers
CG-10244,138,28,29817.010000000002,2,2,4,2.6666666666666665,Needs Attention
CG-10245,151,29,11712.48,2,2,1,1.6666666666666667,Needs Attention
CG-10246,97,42,28601.85,4,5,4,4.333333333333333,Champions
CG-10247,247,30,18973.7,1,2,2,1.6666666666666667,Lost
CG-10248,156,23,15221.56,2,1,1,1.3333333333333333,Needs Attention
CG-10249,139,28,14508.75,2,2,1,1.6666666666666667,Needs Attention
CG-10250,144,36,19766.13,2,4,2,2.6666666666666665,Needs Attention
CG-10251,180,33,24438.530000000002,1,3,3,2.3333333333333335,At Risk
CG-10252,144,34,22057.54,2,4,3,3.0,At Risk
CG-10253,136,40,17300.42,3,5,2,3.3333333333333335,Needs Attention
CG-10254,145,34,17561.0,2,4,2,2.6666666666666665,Needs Attention
CG-10255,34,27,23354.28,5,1,3,3.0,New Customers
CG-10256,93,43,19027.94,4,5,2,3.6666666666666665,Needs Attention
CG-10257,167,28,14719.22,2,2,1,1.6666666666666667,Needs Attention
CG-10258,107,31,23256.14,3,3,3,3.0,Loyal Customers
CG-10259,177,28,28772.19,2,2,4,2.6666666666666665,Needs Attention
CG-10260,71,39,31551.85,4,5,4,4.333333333333333,Champions
CG-10261,139,28,27862.61,2,2,4,2.6666666666666665,Needs Attention
CG-10262,118,33,18321.09,3,3,2,2.6666666666666665,Needs Attention
CG-10263,115,34,23045.28,3,4,3,3.3333333333333335,Loyal Customers
CG-10264,69,25,17421.850000000002,4,1,2,2.3333333333333335,New Customers
CG-10265,86,41,45489.67,4,5,5,4.666666666666667,Champions
CG-10266,85,24,26152.75,4,1,3,2.6666666666666665,New Customers
CG-10267,61,37,30202.32,5,4,4,4.333333333333333,Champions
CG-10268,19,37,13394.96,5,4,1,3.3333333333333335,Needs Attention
CG-10269,171,30,16540.1,2,2,1,1.6666666666666667,Needs Attention
CG-10270,142,23,25081.58,2,1,3,2.0,Needs Attention
CG-10271,228,36,30825.4,1,4,4,3.0,At Risk
CG-10272,153,31,19574.9,2,3,2,2.3333333333333335,Needs Attention
CG-10273,42,44,26213.59,5,5,3,4.333333333333333,Loyal Customers
CG-10274,57,36,26239.1,5,4,3,4.0,Loyal Customers
CG-10275,63,29,20308.91,5,2,2,3.0,New Customers
CG-10276,147,30,17366.79,2,2,2,2.0,Needs Attention
CG-10277,93,33,28994.92,4,3,4,3.6666666666666665,Loyal Customers
CG-10278,164,32,31639.82,2,3,4,3.0,At Risk
CG-10279,120,33,17248.4,3,3,2,2.6666666666666665,Needs Attention
CG-10280,122,32,36197.93,3,3,5,3.6666666666666665,Loyal Customers
CG-10281,183,37,29655.89,1,4,4,3.0,At Risk
CG-10282,11,37,40239.310000000005,5,4,5,4.666666666666667,Champions
CG-10283,230,20,7668.71,1,1,1,1.0,Lost
CG-10284,54,30,19906.06,5,2,2,3.0,New Customers
CG-10285,246,29,27327.7,1,2,4,2.3333333333333335,Lost
CG-10286,217,28,16474.31,1,2,1,1.3333333333333333,Lost
CG-10287,84,40,33158.38,4,5,5,4.666666666666667,Champions
CG-10288,124,24,34805.71,3,1,5,3.0,Potential Loyalists
CG-10289,96,29,41842.97,4,2,5,3.6666666666666665,New Customers
CG-10290,19,41,28224.920000000002,5,5,4,4.666666666666667,Champions
CG-10291,62,35,40746.47,5,4,5,4.666666666666667,Champions
CG-10292,85,39,28813.32,4,5,4,4.333333333333333,Champions
CG-10293,105,27,21307.55,3,1,2,2.0,Needs Attention
CG-10294,118,31,18237.2,3,3,2,2.6666666666666665,Needs Attention
CG-10295,163,32,27752.12,2,3,4,3.0,At Risk
CG-10296,168,32,25076.98,2,3,3,2.6666666666666665,At Risk
CG-10297,83,35,22540.87,4,4,3,3.6666666666666665,Loyal Customers
CG-10298,167,24,11106.21,2,1,1,1.3333333333333333,Needs Attention
CG-10299,72,44,32760.45,4,5,4,4.333333333333333,Champions
CG-10300,74,30,28635.12,4,2,4,3.3333333333333335,New Customers
CG-10301,34,32,32191.03,5,3,4,4.0,Loyal Customers
CG-10302,153,29,15939.47,2,2,1,1.6666666666666667,Needs Attention
CG-10303,124,35,25755.94,3,4,3,3.3333333333333335,Loyal Customers
CG-10304,50,35,23444.86,5,4,3,4.0,Loyal Customers
CG-10305,149,31,23773.38,2,3,3,2.6666666666666665,At Risk
CG-10306,124,33,27164.63,3,3,4,3.3333333333333335,Loyal Customers
CG-10307,152,27,8111.320000000001,2,1,1,1.3333333333333333,Needs Attention
CG-10308,24,30,31340.829999999998,5,2,4,3.6666666666666665,New Customers
CG-10309,205,33,25180.54,1,3,3,2.3333333333333335,At Risk
CG-10310,19,34,20427.91,5,4,2,3.6666666666666665,Needs Attention
CG-10311,84,37,29221.61,4,4,4,4.0,Champions
CG-10312,140,39,34426.939999999995,2,5,5,4.0,At Risk
CG-10313,61,32,22372.38,5,3,3,3.6666666666666665,Loyal Customers
CG-10314,44,40,44862.3,5,5,5,5.0,Champions
CG-10315,83,34,26208.879999999997,4,4,3,3.6666666666666665,Loyal Customers
CG-10316,147,26,33338.51,2,1,5,2.6666666666666665,Needs Attention
CG-10317,165,33,19911.96,2,3,2,2.3333333333333335,Needs Attention
CG-10318,234,39,33414.15,1,5,5,3.6666666666666665,At Risk
CG-10319,251,30,27855.04,1,2,4,2.3333333333333335,Lost
CG-10320,75,40,23310.579999999998,4,5,3,4.0,Loyal Customers
CG-10321,124,30,24880.63,3,2,3,2.6666666666666665,Needs Attention
CG-10322,44,32,33523.07,5,3,5,4.333333333333333,Loyal Customers
CG-10323,199,31,33735.31,1,3,5,3.0,At Risk
CG-10324,173,29,16757.22,2,2,1,1.6666666666666667,Needs Attention
CG-10325,147,26,18681.260000000002,2,1,2,1.6666666666666667,Needs Attention
CG-10326,131,30,31691.81,3,2,4,3.0,Potential Loyalists
CG-10327,61,39,33657.07,5,5,5,5.0,Champions
CG-10328,200,34,22268.050000000003,1,4,3,2.6666666666666665,At Risk
CG-10329,180,37,34524.19,1,4,5,3.3333333333333335,At Risk
CG-10330,136,19,10472.26,3,1,1,1.6666666666666667,Needs Attention
CG-10331,69,32,25669.9,4,3,3,3.3333333333333335,Loyal Customers
CG-10332,97,33,26353.44,4,3,3,3.3333333333333335,Loyal Customers
CG-10333,46,29,14357.49,5,2,1,2.6666666666666665,New Customers
CG-10334,226,25,18397.0,1,1,2,1.3333333333333333,Lost
CG-10335,143,30,14663.509999999998,2,2,1,1.6666666666666667,Needs Attention
CG-10336,157,22,36418.82,2,1,5,2.6666666666666665,Needs Attention
CG-10337,47,25,25864.11,5,1,3,3.0,New Customers
CG-10338,70,43,30430.41,4,5,4,4.333333333333333,Champions
CG-10339,121,30,21450.75,3,2,2,2.3333333333333335,Needs Attention
CG-10340,142,32,22843.8,2,3,3,2.6666666666666665,At Risk
CG-10341,82,31,22045.13,4,3,3,3.3333333333333335,Loyal Customers
CG-10342,184,29,28392.3,1,2,4,2.3333333333333335,Lost
CG-10343,83,28,12854.880000000001,4,2,1,2.3333333333333335,New Customers
CG-10344,178,37,30618.2,1,4,4,3.0,At Risk
CG-10345,90,19,14445.07,4,1,1,2.0,New Customers
CG-10346,4,30,20441.64,5,2,2,3.0,New Customers
CG-10347,103,26,24936.06,3,1,3,2.3333333333333335,Needs Attention
CG-10348,169,24,12145.16,2,1,1,1.3333333333333333,Needs Attention
CG-10349,149,30,16600.27,2,2,1,1.6666666666666667,Needs Attention
CG-10350,149,46,40290.54,2,5,5,4.0,At Risk
CG-10351,155,33,25306.85,2,3,3,2.6666666666666665,At Risk
CG-10352,166,32,17146.22,2,3,1,2.0,Needs Attention
CG-10353,164,33,22869.57,2,3,3,2.6666666666666665,At Risk
CG-10354,63,38,31595.58,5,5,4,4.666666666666667,Champions
CG-10355,125,27,23464.989999999998,3,1,3,2.3333333333333335,Needs Attention
CG-10356,212,25,14483.949999999999,1,1,1,1.0,Lost
CG-10357,44,22,10872.83,5,1,1,2.3333333333333335,New Customers
CG-10358,167,31,35789.71,2,3,5,3.3333333333333335,At Risk
CG-10359,52,24,24263.77,5,1,3,3.0,New Customers
CG-10360,95,40,20899.6,4,5,2,3.6666666666666665,Needs Attention
CG-10361,125,34,15348.18,3,4,1,2.6666666666666665,Needs Attention
CG-10362,110,37,12252.57,3,4,1,2.6666666666666665,Needs Attention
CG-10363,62,30,25140.5,5,2,3,3.3333333333333335,New Customers
CG-10364,97,37,29694.72,4,4,4,4.0,Champions
CG-10365,245,40,27850.48,1,5,4,3.3333333333333335,At Risk
CG-10366,147,37,38244.22,2,4,5,3.6666666666666665,At Risk
CG-10367,98,27,11660.26,4,1,1,2.0,New Customers
CG-10368,37,41,30967.739999999998,5,5,4,4.666666666666667,Champions
CG-10369,114,29,18699.190000000002,3,2,2,2.3333333333333335,Needs Attention
CG-10370,145,32,8773.87,2,3,1,2.0,Needs Attention
CG-10371,105,30,22815.11,3,2,3,2.6666666666666665,Needs Attention
CG-10372,178,27,17660.100000000002,1,1,2,1.3333333333333333,Lost
CG-10373,92,31,20567.059999999998,4,3,2,3.0,Needs Attention
CG-10374,130,26,18501.05,3,1,2,2.0,Needs Attention
CG-10375,122,31,13339.47,3,3,1,2.3333333333333335,Needs Attention
CG-10376,119,29,17341.21,3,2,2,2.3333333333333335,Needs Attention
CG-10377,69,31,26643.61,4,3,4,3.6666666666666665,Loyal Customers
CG-10378,131,33,19740.35,3,3,2,2.6666666666666665,Needs Attention
CG-10379,99,39,36466.36,4,5,5,4.666666666666667,Champions
CG-10380,11,37,38507.130000000005,5,4,5,4.666666666666667,Champions
CG-10381,268,32,31875.04,1,3,4,2.6666666666666665,At Risk
CG-10382,121,29,22690.149999999998,3,2,3,2.6666666666666665,Needs Attention
CG-10383,55,34,51927.26,5,4,5,4.666666666666667,Champions
CG-10384,120,30,11541.83,3,2,1,2.0,Needs Attention
CG-10385,129,31,21813.48,3,3,3,3.0,Loyal Customers
CG-10386,82,34,24812.27,4,4,3,3.6666666666666665,Loyal Customers
CG-10387,179,32,25918.06,1,3,3,2.3333333333333335,At Risk
CG-10388,161,32,13219.25,2,3,1,2.0,Needs Attention
CG-10389,49,26,17627.29,5,1,2,2.6666666666666665,New Customers
CG-10390,114,21,19558.39,3,1,2,2.0,Needs Attention
CG-10391,124,27,15459.45,3,1,1,1.6666666666666667,Needs Attention
CG-10392,39,47,33690.2,5,5,5,5.0,Champions
CG-10393,166,31,11905.51,2,3,1,2.0,Needs Attention
CG-10394,184,38,15459.15,1,5,1,2.3333333333333335,Needs Attention
CG-10395,155,38,17033.61,2,5,1,2.6666666666666665,Needs Attention
CG-10396,70,37,47301.35999999999,4,4,5,4.333333333333333,Champions
CG-10397,190,36,32117.02,1,4,4,3.0,At Risk
CG-10398,95,36,21627.07,4,4,2,3.3333333333333335,Needs Attention
CG-10399,110,36,33505.68,3,4,5,4.0,Loyal Customers
CG-10400,90,39,41080.759999999995,4,5,5,4.666666666666667,Champions
CG-10401,17,40,28906.6,5,5,4,4.666666666666667,Champions
CG-10402,118,33,25986.03,3,3,3,3.0,Loyal Customers
CG-10403,186,32,19886.49,1,3,2,2.0,Needs Attention
CG-10404,29,36,37751.520000000004,5,4,5,4.666666666666667,Champions
CG-10405,37,44,27284.26,5,5,4,4.666666666666667,Champions
CG-10406,44,29,30905.55,5,2,4,3.6666666666666665,New Customers
CG-10407,244,29,12780.82,1,2,1,1.3333333333333333,Lost
CG-10408,239,34,40715.520000000004,1,4,5,3.3333333333333335,At Risk
CG-10409,151,21,6712.1900000000005,2,1,1,1.3333333333333333,Needs Attention
CG-10410,76,29,17592.55,4,2,2,2.6666666666666665,New Customers
CG-10411,117,37,38105.31,3,4,5,4.0,Loyal Customers
CG-10412,31,28,26599.02,5,2,4,3.6666666666666665,New Customers
CG-10413,106,42,51946.32,3,5,5,4.333333333333333,Loyal Customers
CG-10414,215,24,27650.300000000003,1,1,4,2.0,Lost
CG-10415,109,45,36444.24,3,5,5,4.333333333333333,Loyal Customers
CG-10416,31,34,22972.38,5,4,3,4.0,Loyal Customers
CG-10417,69,34,19964.7,4,4,2,3.3333333333333335,Needs Attention
CG-10418,86,23,17966.59,4,1,2,2.3333333333333335,New Customers
CG-10419,58,30,25194.19,5,2,3,3.3333333333333335,New Customers
CG-10420,161,41,64007.54,2,5,5,4.0,At Risk
CG-10421,48,29,13959.58,5,2,1,2.6666666666666665,New Customers
CG-10422,134,33,35853.11,3,3,5,3.6666666666666665,Loyal Customers
CG-10423,71,45,25544.94,4,5,3,4.0,Loyal Customers
CG-10424,45,36,35056.73,5,4,5,4.666666666666667,Champions
CG-10425,92,28,15701.76,4,2,1,2.3333333333333335,New Customers
CG-10426,164,33,21754.46,2,3,2,2.3333333333333335,Needs Attention
CG-10427,51,33,17429.17,5,3,2,3.3333333333333335,Needs Attention
CG-10428,178,28,30386.44,1,2,4,2.3333333333333335,Lost
CG-10429,148,32,20657.13,2,3,2,2.3333333333333335,Needs Attention
CG-10430,116,40,28499.72,3,5,4,4.0,Loyal Customers
CG-10431,284,34,18658.8,1,4,2,2.3333333333333335,Needs Attention
CG-10432,121,29,22150.24,3,2,3,2.6666666666666665,Needs Attention
CG-10433,189,34,29164.42,1,4,4,3.0,At Risk
CG-10434,47,33,32011.8,5,3,4,4.0,Loyal Customers
CG-10435,55,36,36961.36,5,4,5,4.666666666666667,Champions
CG-10436,45,37,31671.62,5,4,4,4.333333333333333,Champions
CG-10437,145,31,48157.97,2,3,5,3.3333333333333335,At Risk
CG-10438,353,30,22257.78,1,2,3,2.0,Lost
CG-10439,98,45,38425.08,4,5,5,4.666666666666667,Champions
CG-10440,169,29,17183.45,2,2,1,1.6666666666666667,Needs Attention
CG-10441,146,30,19998.78,2,2,2,2.0,Needs Attention
CG-10442,71,39,20502.25,4,5,2,3.6666666666666665,Needs Attention
CG-10443,135,43,24196.14,3,5,3,3.6666666666666665,Loyal Customers
CG-10444,153,35,48685.43,2,4,5,3.6666666666666665,At Risk
CG-10445,188,22,16509.94,1,1,1,1.0,Lost
CG-10446,114,26,22744.06,3,1,3,2.3333333333333335,Needs Attention
CG-10447,64,33,17539.510000000002,5,3,2,3.3333333333333335,Needs Attention
CG-10448,199,40,28878.05,1,5,4,3.3333333333333335,At Risk
CG-10449,141,48,31234.239999999998,2,5,4,3.6666666666666665,At Risk
CG-10450,111,36,40821.66,3,4,5,4.0,Loyal Customers
CG-10451,32,36,37483.19,5,4,5,4.666666666666667,Champions
CG-10452,99,35,30618.489999999998,4,4,4,4.0,Champions
CG-10453,53,30,22138.11,5,2,3,3.3333333333333335,New Customers
CG-10454,274,26,18979.55,1,1,2,1.3333333333333333,Lost
CG-10455,172,35,45048.619999999995,2,4,5,3.6666666666666665,At Risk
CG-10456,53,33,36872.56,5,3,5,4.333333333333333,Loyal Customers
CG-10457,151,33,26493.01,2,3,4,3.0,At Risk
CG-10458,82,35,38381.74,4,4,5,4.333333333333333,Champions
CG-10459,98,37,31125.21,4,4,4,4.0,Champions
CG-10460,222,40,36811.87,1,5,5,3.6666666666666665,At Risk
CG-10461,211,25,14909.2,1,1,1,1.0,Lost
CG-10462,118,31,14051.18,3,3,1,2.3333333333333335,Needs Attention
CG-10463,102,35,23269.11,4,4,3,3.6666666666666665,Loyal Customers
CG-10464,180,38,40991.39,1,5,5,3.6666666666666665,At Risk
CG-10465,132,21,12755.2,3,1,1,1.6666666666666667,Needs Attention
CG-10466,99,33,20910.6,4,3,2,3.0,Needs Attention
CG-10467,143,39,24616.649999999998,2,5,3,3.3333333333333335,At Risk
CG-10468,238,32,28606.86,1,3,4,2.6666666666666665,At Risk
CG-10469,307,27,18238.31,1,1,2,1.3333333333333333,Lost
CG-10470,161,38,33669.08,2,5,5,4.0,At Risk
CG-10471,52,30,11728.67,5,2,1,2.6666666666666665,New Customers
CG-10472,255,26,16476.81,1,1,1,1.0,Lost
CG-10473,174,29,19812.1,2,2,2,2.0,Needs Attention
CG-10474,121,29,18658.54,3,2,2,2.3333333333333335,Needs Attention
CG-10475,86,49,34887.18,4,5,5,4.666666666666667,Champions
CG-10476,145,38,31359.49,2,5,4,3.6666666666666665,At Risk
CG-10477,10,39,27574.03,5,5,4,4.666666666666667,Champions
CG-10478,135,34,20731.16,3,4,2,3.0,Needs Attention
CG-10479,134,40,35699.58,3,5,5,4.333333333333333,Loyal Customers
CG-10480,28,28,16152.26,5,2,1,2.6666666666666665,New Customers
CG-10481,94,24,21946.989999999998,4,1,3,2.6666666666666665,New Customers
CG-10482,152,35,38056.88,2,4,5,3.6666666666666665,At Risk
CG-10483,83,38,29443.84,4,5,4,4.333333333333333,Champions
CG-10484,81,28,27100.75,4,2,4,3.3333333333333335,New Customers
CG-10485,157,39,35016.25,2,5,5,4.0,At Risk
CG-10486,103,32,23554.0,3,3,3,3.0,Loyal Customers
CG-10487,75,32,14465.87,4,3,1,2.6666666666666665,Needs Attention
CG-10488,131,37,46997.0,3,4,5,4.0,Loyal Customers
CG-10489,43,31,23274.48,5,3,3,3.6666666666666665,Loyal Customers
CG-10490,132,30,32776.96,3,2,4,3.0,Potential Loyalists
CG-10491,146,38,39020.6,2,5,5,4.0,At Risk
CG-10492,173,34,26536.95,2,4,4,3.3333333333333335,At Risk
CG-10493,57,24,17309.62,5,1,2,2.6666666666666665,New Customers
CG-10494,172,32,31844.72,2,3,4,3.0,At Risk
CG-10495,57,39,24841.34,5,5,3,4.333333333333333,Loyal Customers
CG-10496,173,37,25242.12,2,4,3,3.0,At Risk
CG-10497,123,37,48473.270000000004,3,4,5,4.0,Loyal Customers
CG-10498,235,32,23770.98,1,3,3,2.3333333333333335,At Risk
CG-10499,130,38,24944.44,3,5,3,3.6666666666666665,Loyal Customers
CG-10500,141,25,18993.0,2,1,2,1.6666666666666667,Needs Attention
CG-10501,127,46,32720.78,3,5,4,4.0,Loyal Customers
CG-10502,262,22,18406.53,1,1,2,1.3333333333333333,Lost
CG-10503,116,23,18106.9,3,1,2,2.0,Needs Attention
CG-10504,46,32,34351.72,5,3,5,4.333333333333333,Loyal Customers
CG-10505,93,34,16080.56,4,4,1,3.0,Needs Attention
CG-10506,68,37,25327.379999999997,4,4,3,3.6666666666666665,Loyal Customers
CG-10507,167,31,43458.96,2,3,5,3.3333333333333335,At Risk
CG-10508,138,28,15689.439999999999,2,2,1,1.6666666666666667,Needs Attention
CG-10509,212,24,15399.16,1,1,1,1.0,Lost
CG-10510,131,37,24259.32,3,4,3,3.3333333333333335,Loyal Customers
CG-10511,98,27,17286.1,4,1,2,2.3333333333333335,New Customers
CG-10512,93,27,18781.329999999998,4,1,2,2.3333333333333335,New Customers
CG-10513,108,39,34152.53,3,5,5,4.333333333333333,Loyal Customers
CG-10514,147,28,27420.03,2,2,4,2.6666666666666665,Needs Attention
CG-10515,122,24,10327.36,3,1,1,1.6666666666666667,Needs Attention
CG-10516,163,31,21087.27,2,3,2,2.3333333333333335,Needs Attention
CG-10517,197,37,31857.55,1,4,4,3.0,At Risk
CG-10518,148,36,56578.72,2,4,5,3.6666666666666665,At Risk
CG-10519,27,30,23159.76,5,2,3,3.3333333333333335,New Customers
CG-10520,102,30,29134.81,4,2,4,3.3333333333333335,New Customers
CG-10521,59,33,14395.35,5,3,1,3.0,Needs Attention
CG-10522,55,28,24490.0,5,2,3,3.3333333333333335,New Customers
CG-10523,140,40,33526.85,2,5,5,4.0,At Risk
CG-10524,129,30,22074.29,3,2,3,2.6666666666666665,Needs Attention
CG-10525,123,38,20179.52,3,5,2,3.3333333333333335,Needs Attention
CG-10526,32,37,36755.99,5,4,5,4.666666666666667,Champions
CG-10527,66,28,12784.91,5,2,1,2.6666666666666665,New Customers
CG-10528,136,31,19918.69,3,3,2,2.6666666666666665,Needs Attention
CG-10529,221,26,36266.77,1,1,5,2.3333333333333335,Lost
CG-10530,139,37,25310.14,2,4,3,3.0,At Risk
CG-10531,35,36,18149.760000000002,5,4,2,3.6666666666666665,Needs Attention
CG-10532,254,32,33578.76,1,3,5,3.0,At Risk
CG-10533,49,35,71976.78,5,4,5,4.666666666666667,Champions
CG-10534,91,45,38859.36,4,5,5,4.666666666666667,Champions
CG-10535,172,44,32437.73,2,5,4,3.6666666666666665,At Risk
CG-10536,86,35,22590.55,4,4,3,3.6666666666666665,Loyal Customers
CG-10537,161,27,28539.510000000002,2,1,4,2.3333333333333335,Needs Attention
CG-10538,56,34,16493.55,5,4,1,3.3333333333333335,Needs Attention
CG-10539,183,40,22991.8,1,5,3,3.0,At Risk
CG-10540,146,33,17921.09,2,3,2,2.3333333333333335,Needs Attention
CG-10541,227,29,26086.84,1,2,3,2.0,Lost
CG-10542,46,21,31733.86,5,1,4,3.3333333333333335,New Customers
CG-10543,171,40,32379.09,2,5,4,3.6666666666666665,At Risk
CG-10544,71,40,57588.04,4,5,5,4.666666666666667,Champions
CG-10545,170,35,19979.3,2,4,2,2.6666666666666665,Needs Attention
CG-10546,191,36,45834.74,1,4,5,3.3333333333333335,At Risk
CG-10547,226,26,29047.14,1,1,4,2.0,Lost
CG-10548,236,28,19597.85,1,2,2,1.6666666666666667,Lost
CG-10549,112,39,33198.82,3,5,5,4.333333333333333,Loyal Customers
CG-10550,168,32,51045.5,2,3,5,3.3333333333333335,At Risk
CG-10551,124,28,32708.62,3,2,4,3.0,Potential Loyalists
CG-10552,61,40,20876.19,5,5,2,4.0,Needs Attention
CG-10553,162,21,16590.73,2,1,1,1.3333333333333333,Needs Attention
CG-10554,111,34,15895.79,3,4,1,2.6666666666666665,Needs Attention
CG-10555,32,30,29422.08,5,2,4,3.6666666666666665,New Customers
CG-10556,126,36,26526.26,3,4,4,3.6666666666666665,Loyal Customers
CG-10557,18,32,17471.92,5,3,2,3.3333333333333335,Needs Attention
CG-10558,184,18,8703.93,1,1,1,1.0,Lost
CG-10559,85,47,36647.520000000004,4,5,5,4.666666666666667,Champions
CG-10560,149,29,22482.600000000002,2,2,3,2.3333333333333335,Needs Attention
CG-10561,34,44,53924.06,5,5,5,5.0,Champions
CG-10562,90,36,19129.16,4,4,2,3.3333333333333335,Needs Attention
CG-10563,134,27,31360.86,3,1,4,2.6666666666666665,Potential Loyalists
CG-10564,357,29,8975.68,1,2,1,1.3333333333333333,Lost
CG-10565,285,30,16577.48,1,2,1,1.3333333333333333,Lost
CG-10566,19,28,16050.25,5,2,1,2.6666666666666665,New Customers
CG-10567,152,42,44652.52,2,5,5,4.0,At Risk
CG-10568,70,31,18025.57,4,3,2,3.0,Needs Attention
CG-10569,96,33,27046.2,4,3,4,3.6666666666666665,Loyal Customers
CG-10570,73,32,13462.31,4,3,1,2.6666666666666665,Needs Attention
CG-10571,76,27,20127.07,4,1,2,2.3333333333333335,New Customers
CG-10572,131,34,21630.49,3,4,2,3.0,Needs Attention
CG-10573,73,32,46912.93,4,3,5,4.0,Loyal Customers
CG-10574,296,25,15504.18,1,1,1,1.0,Lost
CG-10575,219,31,12143.13,1,3,1,1.6666666666666667,Needs Attention
CG-10576,217,30,26369.88,1,2,3,2.0,Lost
CG-10577,81,33,22147.04,4,3,3,3.3333333333333335,Loyal Customers
CG-10578,133,34,24059.8,3,4,3,3.3333333333333335,Loyal Customers
CG-10579,126,34,23759.420000000002,3,4,3,3.3333333333333335,Loyal Customers
CG-10580,83,41,47775.25,4,5,5,4.666666666666667,Champions
CG-10581,114,40,44984.99,3,5,5,4.333333333333333,Loyal Customers
CG-10582,197,31,19536.07,1,3,2,2.0,Needs Attention
CG-10583,84,45,27808.29,4,5,4,4.333333333333333,Champions
CG-10584,48,25,13297.46,5,1,1,2.3333333333333335,New Customers
CG-10585,97,30,13980.76,4,2,1,2.3333333333333335,New Customers
CG-10586,60,33,25357.71,5,3,3,3.6666666666666665,Loyal Customers
CG-10587,56,33,24449.649999999998,5,3,3,3.6666666666666665,Loyal Customers
CG-10588,133,29,17922.85,3,2,2,2.3333333333333335,Needs Attention
CG-10589,98,37,32319.26,4,4,4,4.0,Champions
CG-10590,67,47,29739.77,5,5,4,4.666666666666667,Champions
CG-10591,41,37,29193.95,5,4,4,4.333333333333333,Champions
CG-10592,212,39,31505.59,1,5,4,3.3333333333333335,At Risk
CG-10593,132,23,9497.34,3,1,1,1.6666666666666667,Needs Attention
CG-10594,62,43,43689.88,5,5,5,5.0,Champions
CG-10595,143,32,32914.61,2,3,4,3.0,At Risk
CG-10596,134,28,17872.01,3,2,2,2.3333333333333335,Needs Attention
CG-10597,157,38,25291.12,2,5,3,3.3333333333333335,At Risk
CG-10598,140,35,25937.83,2,4,3,3.0,At Risk
CG-10599,47,41,33323.14,5,5,5,5.0,Champions
CG-10600,98,47,35704.8,4,5,5,4.666666666666667,Champions
CG-10601,74,32,27848.16,4,3,4,3.6666666666666665,Loyal Customers
CG-10602,216,29,21779.969999999998,1,2,2,1.6666666666666667,Lost
CG-10603,194,43,28614.56,1,5,4,3.3333333333333335,At Risk
CG-10604,135,31,20431.81,3,3,2,2.6666666666666665,Needs Attention
CG-10605,73,31,35010.86,4,3,5,4.0,Loyal Customers
CG-10606,84,38,21294.739999999998,4,5,2,3.6666666666666665,Needs Attention
CG-10607,131,32,32968.82,3,3,4,3.3333333333333335,Loyal Customers
CG-10608,228,29,22269.579999999998,1,2,3,2.0,Lost
CG-10609,148,31,25047.92,2,3,3,2.6666666666666665,At Risk
CG-10610,31,27,17496.34,5,1,2,2.6666666666666665,New Customers
CG-10611,100,34,15740.87,4,4,1,3.0,Needs Attention
CG-10612,163,28,19405.12,2,2,2,2.0,Needs Attention
CG-10613,101,28,17728.26,4,2,2,2.6666666666666665,New Customers
CG-10614,81,27,11164.31,4,1,1,2.0,New Customers
CG-10615,122,42,25158.58,3,5,3,3.6666666666666665,Loyal Customers
CG-10616,281,38,46988.23,1,5,5,3.6666666666666665,At Risk
CG-10617,97,24,13315.1,4,1,1,2.0,New Customers
CG-10618,213,39,54614.670000000006,1,5,5,3.6666666666666665,At Risk
CG-10619,258,29,14558.6,1,2,1,1.3333333333333333,Lost
CG-10620,81,32,19597.83,4,3,2,3.0,Needs Attention
CG-10621,122,28,15614.349999999999,3,2,1,2.0,Needs Attention
CG-10622,102,34,30579.46,4,4,4,4.0,Champions
CG-10623,142,22,9811.12,2,1,1,1.3333333333333333,Needs Attention
CG-10624,50,33,24093.77,5,3,3,3.6666666666666665,Loyal Customers
CG-10625,16,36,18191.15,5,4,2,3.6666666666666665,Needs Attention
CG-10626,228,23,14920.28,1,1,1,1.0,Lost
CG-10627,146,26,19461.54,2,1,2,1.6666666666666667,Needs Attention
CG-10628,189,36,24770.58,1,4,3,2.6666666666666665,At Risk
CG-10629,105,36,26588.260000000002,3,4,4,3.6666666666666665,Loyal Customers
CG-10630,172,20,18138.13,2,1,2,1.6666666666666667,Needs Attention
CG-10631,127,34,36294.39,3,4,5,4.0,Loyal Customers
CG-10632,26,37,47870.27,5,5,5,5.0,Champions
CG-10633,137,39,27178.5,2,5,4,3.6666666666666665,At Risk
CG-10634,199,26,16640.58,1,1,1,1.0,Lost
CG-10635,208,33,23626.420000000002,1,3,3,2.3333333333333335,At Risk
CG-10636,50,31,16842.58,5,3,1,3.0,Needs Attention
CG-10637,46,38,22134.72,5,5,3,4.333333333333333,Loyal Customers
CG-10638,89,35,21336.05,4,4,2,3.3333333333333335,Needs Attention
CG-10639,255,28,14036.210000000001,1,2,1,1.3333333333333333,Lost
CG-10640,172,35,42286.64,2,4,5,3.6666666666666665,At Risk
CG-10641,207,30,14044.27,1,2,1,1.3333333333333333,Lost
CG-10642,127,25,29068.66,3,1,4,2.6666666666666665,Potential Loyalists
CG-10643,142,31,15095.89,2,3,1,2.0,Needs Attention
CG-10644,28,38,28327.08,5,5,4,4.666666666666667,Champions
CG-10645,61,39,23747.27,5,5,3,4.333333333333333,Loyal Customers
CG-10646,98,23,10922.26,4,1,1,2.0,New Customers
CG-10647,55,25,37720.07,5,1,5,3.6666666666666665,New Customers
CG-10648,81,36,31691.07,4,4,4,4.0,Champions
CG-10649,51,27,18894.65,5,1,2,2.6666666666666665,New Customers
CG-10650,54,39,39176.19,5,5,5,5.0,Champions
CG-10651,101,25,19145.16,4,1,2,2.3333333333333335,New Customers
CG-10652,366,32,23856.74,1,3,3,2.3333333333333335,At Risk
CG-10653,54,39,23959.96,5,5,3,4.333333333333333,Loyal Customers
CG-10654,60,38,27860.37,5,5,4,4.666666666666667,Champions
CG-10655,188,29,18708.96,1,2,2,1.6666666666666667,Lost
CG-10656,67,33,18640.54,5,3,2,3.3333333333333335,Needs Attention
CG-10657,289,19,12261.779999999999,1,1,1,1.0,Lost
CG-10658,151,28,16714.83,2,2,1,1.6666666666666667,Needs Attention
CG-10659,119,29,30184.059999999998,3,2,4,3.0,Potential Loyalists
CG-10660,170,24,13659.45,2,1,1,1.3333333333333333,Needs Attention
CG-10661,197,35,24730.56,1,4,3,2.6666666666666665,At Risk
CG-10662,287,22,16814.88,1,1,1,1.0,Lost
CG-10663,43,34,26155.04,5,4,3,4.0,Loyal Customers
CG-10664,28,33,18783.17,5,3,2,3.3333333333333335,Needs Attention
CG-10665,46,31,42416.07,5,3,5,4.333333333333333,Loyal Customers
CG-10666,250,28,15257.09,1,2,1,1.3333333333333333,Lost
CG-10667,113,32,24512.01,3,3,3,3.0,Loyal Customers
CG-10668,135,24,14527.01,3,1,1,1.6666666666666667,Needs Attention
CG-10669,137,43,26491.85,2,5,4,3.6666666666666665,At Risk
CG-10670,121,28,20196.93,3,2,2,2.3333333333333335,Needs Attention
CG-10671,47,33,18802.71,5,3,2,3.3333333333333335,Needs Attention
CG-10672,234,34,17920.27,1,4,2,2.3333333333333335,Needs Attention
CG-10673,139,25,15509.33,2,1,1,1.3333333333333333,Needs Attention
CG-10674,70,37,19536.64,4,5,2,3.6666666666666665,Needs Attention
CG-10675,33,29,17293.64,5,2,2,3.0,New Customers
CG-10676,79,31,27525.33,4,3,4,3.6666666666666665,Loyal Customers
CG-10677,59,33,27919.45,5,3,4,4.0,Loyal Customers
CG-10678,89,36,13077.34,4,4,1,3.0,Needs Attention
CG-10679,128,27,12945.19,3,1,1,1.6666666666666667,Needs Attention
CG-10680,167,29,24007.38,2,2,3,2.3333333333333335,Needs Attention
CG-10681,81,42,22125.02,4,5,3,4.0,Loyal Customers
CG-10682,49,40,57312.76,5,5,5,5.0,Champions
CG-10683,68,26,12958.869999999999,4,1,1,2.0,New Customers
CG-10684,61,30,20474.600000000002,5,2,2,3.0,New Customers
CG-10685,170,33,23972.66,2,3,3,2.6666666666666665,At Risk
CG-10686,73,47,40602.95,4,5,5,4.666666666666667,Champions
CG-10687,94,26,29681.18,4,1,4,3.0,New Customers
CG-10688,93,35,13200.81,4,4,1,3.0,Needs Attention
CG-10689,108,36,21814.65,3,4,3,3.3333333333333335,Loyal Customers
CG-10690,191,28,33792.42,1,2,5,2.6666666666666665,Lost
CG-10691,110,34,37855.28,3,4,5,4.0,Loyal Customers
CG-10692,153,27,27377.96,2,1,4,2.3333333333333335,Needs Attention
CG-10693,133,39,22503.12,3,5,3,3.6666666666666665,Loyal Customers
CG-10694,132,28,15536.78,3,2,1,2.0,Needs Attention
CG-10695,62,40,41356.51,5,5,5,5.0,Champions
CG-10696,125,24,14929.92,3,1,1,1.6666666666666667,Needs Attention
CG-10697,172,34,34872.36,2,4,5,3.6666666666666665,At Risk
CG-10698,44,37,44326.01,5,5,5,5.0,Champions
CG-10699,267,28,35494.659999999996,1,2,5,2.6666666666666665,Lost
CG-10700,75,34,25731.57,4,4,3,3.6666666666666665,Loyal Customers
CG-10701,81,38,41345.37,4,5,5,4.666666666666667,Champions
CG-10702,91,31,33721.69,4,3,5,4.0,Loyal Customers
CG-10703,24,33,15587.6,5,3,1,3.0,Needs Attention
CG-10704,71,24,16611.28,4,1,1,2.0,New Customers
CG-10705,66,26,19520.91,5,1,2,2.6666666666666665,New Customers
CG-10706,30,36,37675.57,5,4,5,4.666666666666667,Champions
CG-10707,104,38,33084.74,3,5,5,4.333333333333333,Loyal Customers
CG-10708,135,40,26025.4,3,5,3,3.6666666666666665,Loyal Customers
CG-10709,201,26,16005.75,1,1,1,1.0,Lost
CG-10710,203,35,22261.96,1,4,3,2.6666666666666665,At Risk
CG-10711,145,44,52278.45,2,5,5,4.0,At Risk
CG-10712,120,27,20679.39,3,1,2,2.0,Needs Attention
CG-10713,65,40,42649.41,5,5,5,5.0,Champions
CG-10714,187,30,52324.92,1,2,5,2.6666666666666665,Lost
CG-10715,317,35,37219.58,1,4,5,3.3333333333333335,At Risk
CG-10716,70,34,20055.8,4,4,2,3.3333333333333335,Needs Attention
CG-10717,40,29,12341.26,5,2,1,2.6666666666666665,New Customers
CG-10718,169,29,23142.48,2,2,3,2.3333333333333335,Needs Attention
CG-10719,115,38,39322.51,3,5,5,4.333333333333333,Loyal Customers
CG-10720,175,37,21027.03,2,5,2,3.0,Needs Attention
CG-10721,126,24,19199.34,3,1,2,2.0,Needs Attention
CG-10722,190,30,25537.41,1,2,3,2.0,Lost
CG-10723,116,38,28006.72,3,5,4,4.0,Loyal Customers
CG-10724,69,49,35352.27,4,5,5,4.666666666666667,Champions
CG-10725,74,32,16763.66,4,3,1,2.6666666666666665,Needs Attention
CG-10726,196,40,32095.96,1,5,4,3.3333333333333335,At Risk
CG-10727,13,36,24668.28,5,4,3,4.0,Loyal Customers
CG-10728,260,31,31254.030000000002,1,3,4,2.6666666666666665,At Risk
CG-10729,44,31,36474.91,5,3,5,4.333333333333333,Loyal Customers
CG-10730,194,33,21393.75,1,3,2,2.0,Needs Attention
CG-10731,76,41,25397.82,4,5,3,4.0,Loyal Customers
CG-10732,65,41,29239.98,5,5,4,4.666666666666667,Champions
CG-10733,123,32,32598.73,3,3,4,3.3333333333333335,Loyal Customers
CG-10734,48,31,18138.88,5,3,2,3.3333333333333335,Needs Attention
CG-10735,28,31,29113.25,5,3,4,4.0,Loyal Customers
CG-10736,194,31,33466.36,1,3,5,3.0,At Risk
CG-10737,146,39,40210.09,2,5,5,4.0,At Risk
CG-10738,30,33,16403.4,5,3,1,3.0,Needs Attention
CG-10739,62,42,29914.64,5,5,4,4.666666666666667,Champions
CG-10740,13,36,29805.17,5,4,4,4.333333333333333,Champions
CG-10741,108,32,24622.19,3,3,3,3.0,Loyal Customers
CG-10742,105,41,33276.88,3,5,5,4.333333333333333,Loyal Customers
CG-10743,213,32,19413.27,1,3,2,2.0,Needs Attention
CG-10744,8,27,28825.16,5,1,4,3.3333333333333335,New Customers
CG-10745,188,28,17905.9,1,2,2,1.6666666666666667,Lost
CG-10746,75,27,21731.829999999998,4,1,2,2.3333333333333335,New Customers
CG-10747,66,34,43558.46000000001,5,4,5,4.666666666666667,Champions
CG-10748,215,23,17575.05,1,1,2,1.3333333333333333,Lost
CG-10749,96,27,28716.329999999998,4,1,4,3.0,New Customers
CG-10750,231,28,15527.94,1,2,1,1.3333333333333333,Lost
CG-10751,116,33,32747.53,3,3,4,3.3333333333333335,Loyal Customers
CG-10752,310,30,31791.33,1,2,4,2.3333333333333335,Lost
CG-10753,127,36,30688.33,3,4,4,3.6666666666666665,Loyal Customers
CG-10754,124,34,26056.899999999998,3,4,3,3.3333333333333335,Loyal Customers
CG-10755,140,42,16268.32,2,5,1,2.6666666666666665,Needs Attention
CG-10756,136,25,18112.36,3,1,2,2.0,Needs Attention
CG-10757,30,26,26470.42,5,1,3,3.0,New Customers
CG-10758,164,28,9867.4,2,2,1,1.6666666666666667,Needs Attention
CG-10759,85,33,14751.17,4,3,1,2.6666666666666665,Needs Attention
CG-10760,42,28,21081.11,5,2,2,3.0,New Customers
CG-10761,192,27,13776.46,1,1,1,1.0,Lost
CG-10762,156,20,21612.08,2,1,2,1.6666666666666667,Needs Attention
CG-10763,94,28,18974.010000000002,4,2,2,2.6666666666666665,New Customers
CG-10764,184,32,21674.86,1,3,2,2.0,Needs Attention
CG-10765,213,29,18029.3,1,2,2,1.6666666666666667,Lost
CG-10766,159,35,30178.57,2,4,4,3.3333333333333335,At Risk
CG-10767,144,26,11805.95,2,1,1,1.3333333333333333,Needs Attention
CG-10768,194,30,34768.79,1,2,5,2.6666666666666665,Lost
CG-10769,146,38,37305.83,2,5,5,4.0,At Risk
CG-10770,103,38,46113.590000000004,3,5,5,4.333333333333333,Loyal Customers
CG-10771,119,32,27239.97,3,3,4,3.3333333333333335,Loyal Customers
CG-10772,242,22,13507.59,1,1,1,1.0,Lost
CG-10773,237,36,21924.260000000002,1,4,3,2.6666666666666665,At Risk
CG-10774,84,49,31246.54,4,5,4,4.333333333333333,Champions
CG-10775,225,28,11839.29,1,2,1,1.3333333333333333,Lost
CG-10776,189,32,21558.67,1,3,2,2.0,Needs Attention
CG-10777,183,26,13454.23,1,1,1,1.0,Lost
CG-10778,149,34,29108.74,2,4,4,3.3333333333333335,At Risk
CG-10779,112,34,25217.81,3,4,3,3.3333333333333335,Loyal Customers
CG-10780,62,26,11712.99,5,1,1,2.3333333333333335,New Customers
CG-10781,144,40,19214.68,2,5,2,3.0,Needs Attention
CG-10782,132,27,15663.75,3,1,1,1.6666666666666667,Needs Attention
CG-10783,125,38,45156.4,3,5,5,4.333333333333333,Loyal Customers
CG-10784,98,35,27817.850000000002,4,4,4,4.0,Champions
CG-10785,93,32,25091.79,4,3,3,3.3333333333333335,Loyal Customers
CG-10786,210,44,39117.05,1,5,5,3.6666666666666665,At Risk
CG-10787,137,37,18731.94,2,5,2,3.0,Needs Attention
CG-10788,118,25,17877.81,3,1,2,2.0,Needs Attention
CG-10789,107,46,41564.78,3,5,5,4.333333333333333,Loyal Customers
CG-10790,17,24,11406.75,5,1,1,2.3333333333333335,New Customers
CG-10791,75,34,17293.82,4,4,2,3.3333333333333335,Needs Attention
CG-10792,148,29,21463.03,2,2,2,2.0,Needs Attention
CG-10793,82,34,66623.0,4,4,5,4.333333333333333,Champions
CG-10794,273,35,17089.14,1,4,1,2.0,Needs Attention
CG-10795,157,30,16017.84,2,2,1,1.6666666666666667,Needs Attention
CG-10796,137,31,21815.77,2,3,3,2.6666666666666665,At Risk
CG-10797,84,22,6960.57,4,1,1,2.0,New Customers
CG-10798,61,26,11769.880000000001,5,1,1,2.3333333333333335,New Customers
CG-10799,114,21,12103.92,3,1,1,1.6666666666666667,Needs Attention
CG-10800,114,40,45172.33,3,5,5,4.333333333333333,Loyal Customers
CG-10801,109,39,41520.5,3,5,5,4.333333333333333,Loyal Customers
CG-10802,102,40,45512.119999999995,4,5,5,4.666666666666667,Champions
CG-10803,96,29,17532.58,4,2,2,2.6666666666666665,New Customers
CG-10804,152,48,53893.93,2,5,5,4.0,At Risk
CG-10805,192,34,34372.63,1,4,5,3.3333333333333335,At Risk
CG-10806,92,28,25629.29,4,2,3,3.0,New Customers
CG-10807,56,33,29630.07,5,3,4,4.0,Loyal Customers
CG-10808,235,25,19816.67,1,1,2,1.3333333333333333,Lost
CG-10809,143,32,21039.309999999998,2,3,2,2.3333333333333335,Needs Attention
CG-10810,138,32,25760.66,2,3,3,2.6666666666666665,At Risk
CG-10811,133,27,25757.87,3,1,3,2.3333333333333335,Needs Attention
CG-10812,156,35,33573.19,2,4,5,3.6666666666666665,At Risk
CG-10813,250,43,49833.23,1,5,5,3.6666666666666665,At Risk
CG-10814,88,34,28052.12,4,4,4,4.0,Champions
CG-10815,358,32,17113.81,1,3,1,1.6666666666666667,Needs Attention
CG-10816,115,36,34040.77,3,4,5,4.0,Loyal Customers
CG-10817,166,44,41814.810000000005,2,5,5,4.0,At Risk
CG-10818,21,27,20763.45,5,1,2,2.6666666666666665,New Customers
CG-10819,194,35,31518.51,1,4,4,3.0,At Risk
CG-10820,90,33,13485.95,4,3,1,2.6666666666666665,Needs Attention
CG-10821,99,42,21547.32,4,5,2,3.6666666666666665,Needs Attention
CG-10822,99,32,25617.97,4,3,3,3.3333333333333335,Loyal Customers
CG-10823,200,40,46779.43,1,5,5,3.6666666666666665,At Risk
CG-10824,51,23,14555.18,5,1,1,2.3333333333333335,New Customers
CG-10825,129,29,18598.64,3,2,2,2.3333333333333335,Needs Attention
CG-10826,111,33,20604.98,3,3,2,2.6666666666666665,Needs Attention
CG-10827,107,40,17256.82,3,5,2,3.3333333333333335,Needs Attention
CG-10828,118,33,19198.44,3,3,2,2.6666666666666665,Needs Attention
CG-10829,48,31,26965.06,5,3,4,4.0,Loyal Customers
CG-10830,199,31,38687.15,1,3,5,3.0,At Risk
CG-10831,153,33,22391.16,2,3,3,2.6666666666666665,At Risk
CG-10832,202,27,17868.81,1,1,2,1.3333333333333333,Lost
CG-10833,133,30,16378.92,3,2,1,2.0,Needs Attention
CG-10834,235,26,23903.49,1,1,3,1.6666666666666667,Lost
CG-10835,85,32,24826.04,4,3,3,3.3333333333333335,Loyal Customers
CG-10836,81,34,15201.57,4,4,1,3.0,Needs Attention
CG-10837,75,33,22064.72,4,3,3,3.3333333333333335,Loyal Customers
CG-10838,145,47,31286.43,2,5,4,3.6666666666666665,At Risk
CG-10839,141,27,17595.3,2,1,2,1.6666666666666667,Needs Attention
CG-10840,204,31,29108.27,1,3,4,2.6666666666666665,At Risk
CG-10841,73,22,12269.68,4,1,1,2.0,New Customers
CG-10842,122,53,30920.37,3,5,4,4.0,Loyal Customers
CG-10843,66,32,29226.52,5,3,4,4.0,Loyal Customers
CG-10844,116,27,19145.23,3,1,2,2.0,Needs Attention
CG-10845,60,28,28226.51,5,2,4,3.6666666666666665,New Customers
CG-10846,175,37,27584.65,2,5,4,3.6666666666666665,At Risk
CG-10847,133,33,27811.1,3,3,4,3.3333333333333335,Loyal Customers
CG-10848,172,35,34332.92,2,4,5,3.6666666666666665,At Risk
CG-10849,150,33,18353.08,2,3,2,2.3333333333333335,Needs Attention
CG-10850,113,44,37104.72,3,5,5,4.333333333333333,Loyal Customers
CG-10851,101,43,46519.9,4,5,5,4.666666666666667,Champions
CG-10852,101,32,30266.24,4,3,4,3.6666666666666665,Loyal Customers
CG-10853,71,38,23084.86,4,5,3,4.0,Loyal Customers
CG-10854,111,34,34193.14,3,4,5,4.0,Loyal Customers
CG-10855,180,34,27777.129999999997,1,4,4,3.0,At Risk
CG-10856,222,27,32916.58,1,1,4,2.0,Lost
CG-10857,42,32,19436.02,5,3,2,3.3333333333333335,Needs Attention
CG-10858,150,31,28093.02,2,3,4,3.0,At Risk
CG-10859,202,28,21640.12,1,2,2,1.6666666666666667,Lost
CG-10860,119,25,12797.77,3,1,1,1.6666666666666667,Needs Attention
CG-10861,308,26,31057.78,1,1,4,2.0,Lost
CG-10862,36,27,26544.350000000002,5,1,4,3.3333333333333335,New Customers
CG-10863,146,30,15987.41,2,2,1,1.6666666666666667,Needs Attention
CG-10864,193,36,33047.32,1,4,4,3.0,At Risk
CG-10865,59,33,19921.2,5,3,2,3.3333333333333335,Needs Attention
CG-10866,128,36,30969.079999999998,3,4,4,3.6666666666666665,Loyal Customers
CG-10867,110,35,24799.14,3,4,3,3.3333333333333335,Loyal Customers
CG-10868,169,34,25171.49,2,4,3,3.0,At Risk
CG-10869,64,35,37166.7,5,4,5,4.666666666666667,Champions
CG-10870,98,35,20759.02,4,4,2,3.3333333333333335,Needs Attention
CG-10871,132,33,31611.32,3,3,4,3.3333333333333335,Loyal Customers
CG-10872,44,32,9606.31,5,3,1,3.0,Needs Attention
CG-10873,45,32,18075.56,5,3,2,3.3333333333333335,Needs Attention
CG-10874,169,23,14965.15,2,1,1,1.3333333333333333,Needs Attention
CG-10875,34,27,14689.24,5,1,1,2.3333333333333335,New Customers
CG-10876,52,25,19115.78,5,1,2,2.6666666666666665,New Customers
CG-10877,170,23,29575.7,2,1,4,2.3333333333333335,Needs Attention
CG-10878,192,35,32215.95,1,4,4,3.0,At Risk
CG-10879,222,22,13518.84,1,1,1,1.0,Lost
CG-10880,203,21,25224.78,1,1,3,1.6666666666666667,Lost
CG-10881,105,39,21997.100000000002,3,5,3,3.6666666666666665,Loyal Customers
CG-10882,17,34,33055.13,5,4,4,4.333333333333333,Champions
CG-10883,200,28,29122.2,1,2,4,2.3333333333333335,Lost
CG-10884,80,33,32053.920000000002,4,3,4,3.6666666666666665,Loyal Customers
CG-10885,131,29,16497.87,3,2,1,2.0,Needs Attention
CG-10886,192,28,32577.82,1,2,4,2.3333333333333335,Lost
CG-10887,68,25,18647.37,4,1,2,2.3333333333333335,New Customers
CG-10888,161,40,21127.45,2,5,2,3.0,Needs Attention
CG-10889,131,31,35291.13,3,3,5,3.6666666666666665,Loyal Customers
CG-10890,146,31,19862.42,2,3,2,2.3333333333333335,Needs Attention
CG-10891,65,24,19484.5,5,1,2,2.6666666666666665,New Customers
CG-10892,98,34,31501.56,4,4,4,4.0,Champions
CG-10893,111,35,28962.920000000002,3,4,4,3.6666666666666665,Loyal Customers
CG-10894,179,32,23201.7,1,3,3,2.3333333333333335,At Risk
CG-10895,38,32,28778.2,5,3,4,4.0,Loyal Customers
CG-10896,119,30,25224.48,3,2,3,2.6666666666666665,Needs Attention
CG-10897,179,32,22846.72,1,3,3,2.3333333333333335,At Risk
CG-10898,196,36,13923.529999999999,1,4,1,2.0,Needs Attention
CG-10899,156,25,10821.24,2,1,1,1.3333333333333333,Needs Attention
CG-10900,159,28,18600.42,2,2,2,2.0,Needs Attention
CG-10901,219,42,21503.17,1,5,2,2.6666666666666665,Needs Attention
CG-10902,45,40,29141.3,5,5,4,4.666666666666667,Champions
CG-10903,166,33,25092.61,2,3,3,2.6666666666666665,At Risk
CG-10904,147,35,29577.55,2,4,4,3.3333333333333335,At Risk
CG-10905,150,31,22459.48,2,3,3,2.6666666666666665,At Risk
CG-10906,121,29,28136.0,3,2,4,3.0,Potential Loyalists
CG-10907,45,30,23099.22,5,2,3,3.3333333333333335,New Customers
CG-10908,158,32,20529.58,2,3,2,2.3333333333333335,Needs Attention
CG-10909,130,30,59972.439999999995,3,2,5,3.3333333333333335,Potential Loyalists
CG-10910,24,33,20984.02,5,3,2,3.3333333333333335,Needs Attention
CG-10911,180,28,21952.190000000002,1,2,3,2.0,Lost
CG-10912,137,19,16744.39,2,1,1,1.3333333333333333,Needs Attention
CG-10913,167,22,15270.460000000001,2,1,1,1.3333333333333333,Needs Attention
CG-10914,85,41,33555.43,4,5,5,4.666666666666667,Champions
CG-10915,149,35,31180.079999999998,2,4,4,3.3333333333333335,At Risk
CG-10916,73,34,43331.56,4,4,5,4.333333333333333,Champions
CG-10917,109,38,34973.78,3,5,5,4.333333333333333,Loyal Customers
CG-10918,113,34,31864.58,3,4,4,3.6666666666666665,Loyal Customers
CG-10919,71,26,20894.27,4,1,2,2.3333333333333335,New Customers
CG-10920,173,31,25174.24,2,3,3,2.6666666666666665,At Risk
CG-10921,75,29,59652.58,4,2,5,3.6666666666666665,New Customers
CG-10922,96,33,28579.57,4,3,4,3.6666666666666665,Loyal Customers
CG-10923,38,30,23977.94,5,2,3,3.3333333333333335,New Customers
CG-10924,228,35,33587.92,1,4,5,3.3333333333333335,At Risk
CG-10925,124,37,46153.43,3,5,5,4.333333333333333,Loyal Customers
CG-10926,103,30,37198.31,3,2,5,3.3333333333333335,Potential Loyalists
CG-10927,27,36,26570.68,5,4,4,4.333333333333333,Champions
CG-10928,43,30,24271.28,5,2,3,3.3333333333333335,New Customers
CG-10929,183,27,16880.87,1,1,1,1.0,Lost
CG-10930,54,35,19477.96,5,4,2,3.6666666666666665,Needs Attention
CG-10931,161,21,21858.69,2,1,3,2.0,Needs Attention
CG-10932,67,39,22734.2,5,5,3,4.333333333333333,Loyal Customers
CG-10933,86,30,21548.53,4,2,2,2.6666666666666665,New Customers
CG-10934,117,32,34334.12,3,3,5,3.6666666666666665,Loyal Customers
CG-10935,174,32,22152.18,2,3,3,2.6666666666666665,At Risk
CG-10936,89,34,30878.600000000002,4,4,4,4.0,Champions
CG-10937,176,20,9468.19,2,1,1,1.3333333333333333,Needs Attention
CG-10938,78,38,33052.6,4,5,4,4.333333333333333,Champions
CG-10939,92,29,15898.19,4,2,1,2.3333333333333335,New Customers
CG-10940,197,30,23824.67,1,2,3,2.0,Lost
CG-10941,52,25,14921.44,5,1,1,2.3333333333333335,New Customers
CG-10942,147,33,38124.11,2,3,5,3.3333333333333335,At Risk
CG-10943,240,26,11753.16,1,1,1,1.0,Lost
CG-10944,108,32,46072.45,3,3,5,3.6666666666666665,Loyal Customers
CG-10945,57,41,48441.8,5,5,5,5.0,Champions
CG-10946,207,37,30268.28,1,5,4,3.3333333333333335,At Risk
CG-10947,158,37,13717.59,2,5,1,2.6666666666666665,Needs Attention
CG-10948,187,31,38975.17,1,3,5,3.0,At Risk
CG-10949,77,42,35694.5,4,5,5,4.666666666666667,Champions
CG-10950,53,33,33612.33,5,3,5,4.333333333333333,Loyal Customers
CG-10951,20,32,23105.36,5,3,3,3.6666666666666665,Loyal Customers
CG-10952,116,34,44955.03,3,4,5,4.0,Loyal Customers
CG-10953,162,26,15654.34,2,1,1,1.3333333333333333,Needs Attention
CG-10954,91,29,20372.85,4,2,2,2.6666666666666665,New Customers
CG-10955,40,38,35228.81,5,5,5,5.0,Champions
CG-10956,46,32,19996.61,5,3,2,3.3333333333333335,Needs Attention
CG-10957,36,34,35200.6,5,4,5,4.666666666666667,Champions
CG-10958,127,26,13186.24,3,1,1,1.6666666666666667,Needs Attention
CG-10959,88,44,32041.89,4,5,4,4.333333333333333,Champions
CG-10960,127,32,11578.03,3,3,1,2.3333333333333335,Needs Attention
CG-10961,37,26,11761.22,5,1,1,2.3333333333333335,New Customers
CG-10962,93,44,60571.31,4,5,5,4.666666666666667,Champions
CG-10963,83,51,49457.93,4,5,5,4.666666666666667,Champions
CG-10964,41,50,36222.82,5,5,5,5.0,Champions
CG-10965,117,34,21164.079999999998,3,4,2,3.0,Needs Attention
CG-10966,86,40,26263.11,4,5,3,4.0,Loyal Customers
CG-10967,108,40,39235.19,3,5,5,4.333333333333333,Loyal Customers
CG-10968,151,33,24620.69,2,3,3,2.6666666666666665,At Risk
CG-10969,109,39,42244.450000000004,3,5,5,4.333333333333333,Loyal Customers
CG-10970,206,30,29043.5,1,2,4,2.3333333333333335,Lost
CG-10971,72,34,21795.24,4,4,2,3.3333333333333335,Needs Attention
CG-10972,123,36,27703.99,3,4,4,3.6666666666666665,Loyal Customers
CG-10973,104,24,16932.59,3,1,1,1.6666666666666667,Needs Attention
CG-10974,45,24,9806.14,5,1,1,2.3333333333333335,New Customers
CG-10975,190,25,39769.58,1,1,5,2.3333333333333335,Lost
CG-10976,216,30,28770.39,1,2,4,2.3333333333333335,Lost
CG-10977,113,27,21604.3,3,1,2,2.0,Needs Attention
CG-10978,128,40,58862.79,3,5,5,4.333333333333333,Loyal Customers
CG-10979,135,39,20669.420000000002,3,5,2,3.3333333333333335,Needs Attention
CG-10980,85,32,18663.02,4,3,2,3.0,Needs Attention
CG-10981,152,31,39838.200000000004,2,3,5,3.3333333333333335,At Risk
CG-10982,54,35,21339.6,5,4,2,3.6666666666666665,Needs Attention
CG-10983,59,36,24391.32,5,4,3,4.0,Loyal Customers
CG-10984,44,40,22026.79,5,5,3,4.333333333333333,Loyal Customers
CG-10985,136,31,19676.53,3,3,2,2.6666666666666665,Needs Attention
CG-10986,191,37,33449.71,1,5,5,3.6666666666666665,At Risk
CG-10987,135,26,25584.82,3,1,3,2.3333333333333335,Needs Attention
CG-10988,354,34,15745.12,1,4,1,2.0,Needs Attention
CG-10989,83,25,13013.9,4,1,1,2.0,New Customers
CG-10990,168,35,24125.48,2,4,3,3.0,At Risk
CG-10991,99,31,22425.94,4,3,3,3.3333333333333335,Loyal Customers
CG-10992,80,35,19786.39,4,4,2,3.3333333333333335,Needs Attention
CG-10993,202,29,30782.92,1,2,4,2.3333333333333335,Lost
CG-10994,123,35,46360.15,3,4,5,4.0,Loyal Customers
CG-10995,175,30,20219.95,2,2,2,2.0,Needs Attention
CG-10996,45,35,22457.22,5,4,3,4.0,Loyal Customers
CG-10997,51,49,33572.11,5,5,5,5.0,Champions
CG-10998,246,33,16442.09,1,3,1,1.6666666666666667,Needs Attention
CG-10999,175,24,12169.11,2,1,1,1.3333333333333333,Needs Attention
CG-11000,115,27,34493.880000000005,3,1,5,3.0,Potential Loyalists
CG-11001,107,26,34126.36,3,1,5,3.0,Potential Loyalists
CG-11002,254,32,16986.86,1,3,1,1.6666666666666667,Needs Attention
CG-11003,164,43,36591.06,2,5,5,4.0,At Risk
CG-11004,93,37,33083.31,4,5,5,4.666666666666667,Champions
CG-11005,85,37,27593.95,4,5,4,4.333333333333333,Champions
CG-11006,118,43,41818.71,3,5,5,4.333333333333333,Loyal Customers
CG-11007,103,28,17046.52,3,2,1,2.0,Needs Attention
CG-11008,159,26,30598.17,2,1,4,2.3333333333333335,Needs Attention
CG-11009,161,38,22380.79,2,5,3,3.3333333333333335,At Risk
CG-11010,78,29,18166.02,4,2,2,2.6666666666666665,New Customers
CG-11011,220,26,23625.34,1,1,3,1.6666666666666667,Lost
CG-11012,55,26,27030.51,5,1,4,3.3333333333333335,New Customers
CG-11013,98,30,24983.96,4,2,3,3.0,New Customers
CG-11014,203,30,44247.06,1,2,5,2.6666666666666665,Lost
CG-11015,16,34,13978.630000000001,5,4,1,3.3333333333333335,Needs Attention
CG-11016,61,30,28019.28,5,2,4,3.6666666666666665,New Customers
CG-11017,52,34,19482.65,5,4,2,3.6666666666666665,Needs Attention
CG-11018,198,28,20612.1,1,2,2,1.6666666666666667,Lost
CG-11019,190,33,18333.39,1,3,2,2.0,Needs Attention
CG-11020,88,43,35023.79,4,5,5,4.666666666666667,Champions
CG-11021,142,43,26519.52,2,5,4,3.6666666666666665,At Risk
CG-11022,176,30,36007.98,2,2,5,3.0,Needs Attention
CG-11023,211,41,34447.1,1,5,5,3.6666666666666665,At Risk
CG-11024,87,26,16749.05,4,1,1,2.0,New Customers
CG-11025,92,30,25848.06,4,2,3,3.0,New Customers
CG-11026,66,27,24106.03,5,1,3,3.0,New Customers
CG-11027,114,26,11616.87,3,1,1,1.6666666666666667,Needs Attention
CG-11028,119,31,25209.81,3,3,3,3.0,Loyal Customers
CG-11029,150,39,48745.39,2,5,5,4.0,At Risk
CG-11030,84,31,22213.51,4,3,3,3.3333333333333335,Loyal Customers
CG-11031,89,34,29918.25,4,4,4,4.0,Champions
CG-11032,97,34,29616.1,4,4,4,4.0,Champions
CG-11033,169,22,16680.69,2,1,1,1.3333333333333333,Needs Attention
CG-11034,165,37,17124.95,2,5,1,2.6666666666666665,Needs Attention
CG-11035,159,30,18341.29,2,2,2,2.0,Needs Attention
CG-11036,221,40,32965.64,1,5,4,3.3333333333333335,At Risk
CG-11037,164,30,35955.08,2,2,5,3.0,Needs Attention
CG-11038,161,35,18480.809999999998,2,4,2,2.6666666666666665,Needs Attention
CG-11039,121,35,31097.399999999998,3,4,4,3.6666666666666665,Loyal Customers
CG-11040,171,38,21769.260000000002,2,5,2,3.0,Needs Attention
CG-11041,105,39,23657.36,3,5,3,3.6666666666666665,Loyal Customers
CG-11042,173,27,39543.469999999994,2,1,5,2.6666666666666665,Needs Attention
CG-11043,146,31,18135.26,2,3,2,2.3333333333333335,Needs Attention
CG-11044,168,34,25409.51,2,4,3,3.0,At Risk
CG-11045,33,39,31345.469999999998,5,5,4,4.666666666666667,Champions
CG-11046,65,36,21064.93,5,4,2,3.6666666666666665,Needs Attention
CG-11047,189,32,25656.75,1,3,3,2.3333333333333335,At Risk
CG-11048,28,49,45427.56,5,5,5,5.0,Champions
CG-11049,271,28,42585.92,1,2,5,2.6666666666666665,Lost
CG-11050,206,29,18193.5,1,2,2,1.6666666666666667,Lost
CG-11051,94,31,47050.119999999995,4,3,5,4.0,Loyal Customers
CG-11052,158,33,31233.2,2,3,4,3.0,At Risk
CG-11053,60,35,36980.15,5,4,5,4.666666666666667,Champions
CG-11054,127,22,8287.65,3,1,1,1.6666666666666667,Needs Attention
CG-11055,84,30,26593.43,4,2,4,3.3333333333333335,New Customers
CG-11056,116,33,13050.560000000001,3,3,1,2.3333333333333335,Needs Attention
CG-11057,70,32,23577.5,4,3,3,3.3333333333333335,Loyal Customers
CG-11058,257,27,21095.05,1,1,2,1.3333333333333333,Lost
CG-11059,47,23,18228.66,5,1,2,2.6666666666666665,New Customers
CG-11060,180,29,14461.74,1,2,1,1.3333333333333333,Lost
CG-11061,13,38,24460.59,5,5,3,4.333333333333333,Loyal Customers
CG-11062,94,33,20941.88,4,3,2,3.0,Needs Attention
CG-11063,97,28,27577.3,4,2,4,3.3333333333333335,New Customers
CG-11064,149,38,30939.91,2,5,4,3.6666666666666665,At Risk
CG-11065,307,25,18227.91,1,1,2,1.3333333333333333,Lost
CG-11066,39,30,43652.22,5,2,5,4.0,New Customers
CG-11067,162,32,22509.31,2,3,3,2.6666666666666665,At Risk
CG-11068,23,42,29487.68,5,5,4,4.666666666666667,Champions
CG-11069,114,22,11303.32,3,1,1,1.6666666666666667,Needs Attention
CG-11070,186,24,29443.59,1,1,4,2.0,Lost
CG-11071,89,32,11868.91,4,3,1,2.6666666666666665,Needs Attention
CG-11072,114,25,15597.630000000001,3,1,1,1.6666666666666667,Needs Attention
CG-11073,91,38,37257.01,4,5,5,4.666666666666667,Champions
CG-11074,115,42,23675.05,3,5,3,3.6666666666666665,Loyal Customers
CG-11075,18,29,17758.4,5,2,2,3.0,New Customers
CG-11076,61,19,8914.66,5,1,1,2.3333333333333335,New Customers
CG-11077,38,32,26447.32,5,3,3,3.6666666666666665,Loyal Customers
CG-11078,126,39,30825.83,3,5,4,4.0,Loyal Customers
CG-11079,144,38,30181.4,2,5,4,3.6666666666666665,At Risk
CG-11080,140,27,13148.7,2,1,1,1.3333333333333333,Needs Attention
CG-11081,84,29,19820.170000000002,4,2,2,2.6666666666666665,New Customers
CG-11082,33,26,26822.29,5,1,4,3.3333333333333335,New Customers
CG-11083,106,34,37957.32,3,4,5,4.0,Loyal Customers
CG-11084,105,26,23470.98,3,1,3,2.3333333333333335,Needs Attention
CG-11085,75,38,13286.95,4,5,1,3.3333333333333335,Needs Attention
CG-11086,161,21,13147.130000000001,2,1,1,1.3333333333333333,Needs Attention
CG-11087,202,32,51573.420000000006,1,3,5,3.0,At Risk
CG-11088,147,34,25413.690000000002,2,4,3,3.0,At Risk
CG-11089,61,30,39458.08,5,2,5,4.0,New Customers
CG-11090,35,30,18223.22,5,2,2,3.0,New Customers
CG-11091,111,26,12959.71,3,1,1,1.6666666666666667,Needs Attention
CG-11092,123,20,14964.12,3,1,1,1.6666666666666667,Needs Attention
CG-11093,115,38,44902.65,3,5,5,4.333333333333333,Loyal Customers
CG-11094,164,30,15423.65,2,2,1,1.6666666666666667,Needs Attention
CG-11095,139,22,12328.52,2,1,1,1.3333333333333333,Needs Attention
CG-11096,64,32,20267.649999999998,5,3,2,3.3333333333333335,Needs Attention
CG-11097,122,25,19183.86,3,1,2,2.0,Needs Attention
CG-11098,104,36,24275.46,3,4,3,3.3333333333333335,Loyal Customers
CG-11099,197,32,15815.48,1,3,1,1.6666666666666667,Needs Attention
CG-11100,72,27,24666.31,4,1,3,2.6666666666666665,New Customers
CG-11101,29,25,12586.88,5,1,1,2.3333333333333335,New Customers
CG-11102,49,31,54792.35,5,3,5,4.333333333333333,Loyal Customers
CG-11103,181,33,32912.72,1,3,4,2.6666666666666665,At Risk
CG-11104,58,31,18094.5,5,3,2,3.3333333333333335,Needs Attention
CG-11105,52,43,29360.36,5,5,4,4.666666666666667,Champions
CG-11106,221,27,19578.35,1,1,2,1.3333333333333333,Lost
CG-11107,163,37,37114.96,2,5,5,4.0,At Risk
CG-11108,137,31,27673.3,2,3,4,3.0,At Risk
CG-11109,64,28,25657.44,5,2,3,3.3333333333333335,New Customers
CG-11110,168,39,19253.57,2,5,2,3.0,Needs Attention
CG-11111,67,33,33501.11,5,3,5,4.333333333333333,Loyal Customers
CG-11112,260,34,26114.829999999998,1,4,3,2.6666666666666665,At Risk
CG-11113,100,35,22357.75,4,4,3,3.6666666666666665,Loyal Customers
CG-11114,95,38,22803.37,4,5,3,4.0,Loyal Customers
CG-11115,169,24,30419.370000000003,2,1,4,2.3333333333333335,Needs Attention
CG-11116,219,34,33660.880000000005,1,4,5,3.3333333333333335,At Risk
CG-11117,254,26,16323.140000000001,1,1,1,1.0,Lost
CG-11118,142,29,27659.13,2,2,4,2.6666666666666665,Needs Attention
CG-11119,166,28,16656.4,2,2,1,1.6666666666666667,Needs Attention
CG-11120,79,23,19091.0,4,1,2,2.3333333333333335,New Customers
CG-11121,180,40,41700.73,1,5,5,3.6666666666666665,At Risk
CG-11122,161,35,44748.37,2,4,5,3.6666666666666665,At Risk
CG-11123,92,32,28008.56,4,3,4,3.6666666666666665,Loyal Customers
CG-11124,38,30,11191.279999999999,5,2,1,2.6666666666666665,New Customers
CG-11125,102,32,26433.45,4,3,3,3.3333333333333335,Loyal Customers
CG-11126,138,27,23410.079999999998,2,1,3,2.0,Needs Attention
CG-11127,113,34,37654.69,3,4,5,4.0,Loyal Customers
CG-11128,144,35,17978.12,2,4,2,2.6666666666666665,Needs Attention
CG-11129,291,21,8392.32,1,1,1,1.0,Lost
CG-11130,44,23,11328.88,5,1,1,2.3333333333333335,New Customers
CG-11131,90,37,19122.57,4,5,2,3.6666666666666665,Needs Attention
CG-11132,110,28,19514.11,3,2,2,2.3333333333333335,Needs Attention
CG-11133,171,29,17440.61,2,2,2,2.0,Needs Attention
CG-11134,72,25,15677.380000000001,4,1,1,2.0,New Customers
CG-11135,11,34,25643.01,5,4,3,4.0,Loyal Customers
CG-11136,11,37,24418.65,5,5,3,4.333333333333333,Loyal Customers
CG-11137,88,35,31463.24,4,4,4,4.0,Champions
CG-11138,219,26,7451.92,1,1,1,1.0,Lost
CG-11139,74,31,25478.79,4,3,3,3.3333333333333335,Loyal Customers
CG-11140,230,33,31770.75,1,3,4,2.6666666666666665,At Risk
CG-11141,55,26,22585.8,5,1,3,3.0,New Customers
CG-11142,57,35,24301.18,5,4,3,4.0,Loyal Customers
CG-11143,101,34,24001.01,4,4,3,3.6666666666666665,Loyal Customers
CG-11144,136,33,27601.579999999998,3,3,4,3.3333333333333335,Loyal Customers
CG-11145,78,41,23998.170000000002,4,5,3,4.0,Loyal Customers
CG-11146,37,36,15080.99,5,4,1,3.3333333333333335,Needs Attention
CG-11147,124,24,21245.68,3,1,2,2.0,Needs Attention
CG-11148,105,38,31052.55,3,5,4,4.0,Loyal Customers
CG-11149,170,33,17692.36,2,3,2,2.3333333333333335,Needs Attention
CG-11150,84,33,31412.399999999998,4,3,4,3.6666666666666665,Loyal Customers
CG-11151,125,28,14138.49,3,2,1,2.0,Needs Attention
CG-11152,187,42,25838.37,1,5,3,3.0,At Risk
CG-11153,69,31,29495.010000000002,4,3,4,3.6666666666666665,Loyal Customers
CG-11154,45,25,16184.08,5,1,1,2.3333333333333335,New Customers
CG-11155,78,29,21003.19,4,2,2,2.6666666666666665,New Customers
CG-11156,244,36,25160.75,1,4,3,2.6666666666666665,At Risk
CG-11157,114,35,19822.45,3,4,2,3.0,Needs Attention
CG-11158,52,32,25918.11,5,3,3,3.6666666666666665,Loyal Customers
CG-11159,9,33,17349.55,5,3,2,3.3333333333333335,Needs Attention
CG-11160,55,31,35189.15,5,3,5,4.333333333333333,Loyal Customers
CG-11161,91,33,25636.2,4,3,3,3.3333333333333335,Loyal Customers
CG-11162,48,38,22148.4,5,5,3,4.333333333333333,Loyal Customers
CG-11163,43,36,20976.37,5,4,2,3.6666666666666665,Needs Attention
CG-11164,126,32,23310.08,3,3,3,3.0,Loyal Customers
CG-11165,58,36,40751.0,5,4,5,4.666666666666667,Champions
CG-11166,219,28,23024.170000000002,1,2,3,2.0,Lost
CG-11167,81,36,31363.600000000002,4,4,4,4.0,Champions
CG-11168,322,39,18436.31,1,5,2,2.6666666666666665,Needs Attention
CG-11169,213,37,14484.05,1,5,1,2.3333333333333335,Needs Attention
CG-11170,107,30,19192.36,3,2,2,2.3333333333333335,Needs Attention
CG-11171,233,28,27401.36,1,2,4,2.3333333333333335,Lost
CG-11172,126,31,31543.72,3,3,4,3.3333333333333335,Loyal Customers
CG-11173,103,32,22345.11,3,3,3,3.0,Loyal Customers
CG-11174,123,37,27006.11,3,5,4,4.0,Loyal Customers
CG-11175,185,39,40191.85,1,5,5,3.6666666666666665,At Risk
CG-11176,207,31,31947.74,1,3,4,2.6666666666666665,At Risk
CG-11177,203,32,19237.010000000002,1,3,2,2.0,Needs Attention
CG-11178,147,37,36680.049999999996,2,5,5,4.0,At Risk
CG-11179,83,29,19095.79,4,2,2,2.6666666666666665,New Customers
CG-11180,72,33,33566.4,4,3,5,4.0,Loyal Customers
CG-11181,133,29,22443.83,3,2,3,2.6666666666666665,Needs Attention
CG-11182,107,40,22791.7,3,5,3,3.6666666666666665,Loyal Customers
CG-11183,121,32,17245.49,3,3,1,2.3333333333333335,Needs Attention
CG-11184,155,27,19742.36,2,1,2,1.6666666666666667,Needs Attention
CG-11185,145,39,23855.13,2,5,3,3.3333333333333335,At Risk
CG-11186,177,27,11505.94,2,2,1,1.6666666666666667,Needs Attention
CG-11187,108,36,30697.12,3,4,4,3.6666666666666665,Loyal Customers
CG-11188,63,36,23007.98,5,4,3,4.0,Loyal Customers
CG-11189,142,40,28332.01,2,5,4,3.6666666666666665,At Risk
CG-11190,213,34,22588.57,1,4,3,2.6666666666666665,At Risk
CG-11191,111,33,29553.66,3,3,4,3.3333333333333335,Loyal Customers
CG-11192,164,35,28898.55,2,4,4,3.3333333333333335,At Risk
CG-11193,27,35,58427.46,5,4,5,4.666666666666667,Champions
CG-11194,163,30,29221.35,2,2,4,2.6666666666666665,Needs Attention
CG-11195,51,30,15607.150000000001,5,2,1,2.6666666666666665,New Customers
CG-11196,75,35,23095.17,4,4,3,3.6666666666666665,Loyal Customers
CG-11197,28,30,21978.03,5,2,3,3.3333333333333335,New Customers
CG-11198,102,41,35979.58,4,5,5,4.666666666666667,Champions
CG-11199,91,24,49987.57,4,1,5,3.3333333333333335,New Customers
CG-11200,116,33,32157.9,3,3,4,3.3333333333333335,Loyal Customers
CG-11201,88,33,26018.23,4,3,3,3.3333333333333335,Loyal Customers
CG-11202,146,30,27538.600000000002,2,2,4,2.6666666666666665,Needs Attention
CG-11203,18,28,23974.87,5,2,3,3.3333333333333335,New Customers
CG-11204,254,40,44179.43,1,5,5,3.6666666666666665,At Risk
CG-11205,49,38,18460.850000000002,5,5,2,4.0,Needs Attention
CG-11206,39,41,31501.35,5,5,4,4.666666666666667,Champions
CG-11207,126,33,15291.48,3,3,1,2.3333333333333335,Needs Attention
CG-11208,73,27,16916.36,4,2,1,2.3333333333333335,New Customers
CG-11209,57,26,11330.34,5,1,1,2.3333333333333335,New Customers
CG-11210,212,25,15164.8,1,1,1,1.0,Lost
CG-11211,116,34,18192.79,3,4,2,3.0,Needs Attention
CG-11212,158,33,34880.17,2,3,5,3.3333333333333335,At Risk
CG-11213,32,27,20524.21,5,2,2,3.0,New Customers
CG-11214,135,38,26371.0,3,5,3,3.6666666666666665,Loyal Customers
CG-11215,108,31,23100.52,3,3,3,3.0,Loyal Customers
CG-11216,154,36,29347.52,2,4,4,3.3333333333333335,At Risk
CG-11217,107,25,16445.75,3,1,1,1.6666666666666667,Needs Attention
CG-11218,40,35,20639.95,5,4,2,3.6666666666666665,Needs Attention
CG-11219,266,31,18483.83,1,3,2,2.0,Needs Attention
CG-11220,64,36,21280.17,5,4,2,3.6666666666666665,Needs Attention
CG-11221,208,30,20981.41,1,2,2,1.6666666666666667,Lost
CG-11222,128,32,24485.46,3,3,3,3.0,Loyal Customers
CG-11223,129,31,25635.46,3,3,3,3.0,Loyal Customers
CG-11224,30,29,16672.39,5,2,1,2.6666666666666665,New Customers
CG-11225,153,36,33111.84,2,4,5,3.6666666666666665,At Risk
CG-11226,144,30,29543.48,2,2,4,2.6666666666666665,Needs Attention
CG-11227,191,28,12405.36,1,2,1,1.3333333333333333,Lost
CG-11228,37,28,21899.92,5,2,3,3.3333333333333335,New Customers
CG-11229,140,37,15988.45,2,5,1,2.6666666666666665,Needs Attention
CG-11230,104,40,43346.56,3,5,5,4.333333333333333,Loyal Customers
CG-11231,141,29,28892.26,2,2,4,2.6666666666666665,Needs Attention
CG-11232,107,37,18435.7,3,5,2,3.3333333333333335,Needs Attention
CG-11233,46,35,18729.78,5,4,2,3.6666666666666665,Needs Attention
CG-11234,111,32,18536.010000000002,3,3,2,2.6666666666666665,Needs Attention
CG-11235,35,35,13781.19,5,4,1,3.3333333333333335,Needs Attention
CG-11236,133,36,23000.62,3,4,3,3.3333333333333335,Loyal Customers
CG-11237,164,31,14924.9,2,3,1,2.0,Needs Attention
CG-11238,155,39,20373.420000000002,2,5,2,3.0,Needs Attention
CG-11239,119,41,31352.32,3,5,4,4.0,Loyal Customers
CG-11240,243,35,47254.62,1,4,5,3.3333333333333335,At Risk
CG-11241,157,23,15435.96,2,1,1,1.3333333333333333,Needs Attention
CG-11242,203,25,20983.77,1,1,2,1.3333333333333333,Lost
CG-11243,80,30,10887.67,4,2,1,2.3333333333333335,New Customers
CG-11244,77,21,15725.89,4,1,1,2.0,New Customers
CG-11245,231,32,53775.119999999995,1,3,5,3.0,At Risk
CG-11246,90,27,13405.32,4,2,1,2.3333333333333335,New Customers
CG-11247,138,46,39168.12,2,5,5,4.0,At Risk
CG-11248,97,33,37744.53,4,3,5,4.0,Loyal Customers
CG-11249,179,27,23314.05,1,2,3,2.0,Lost
CG-11250,44,20,15829.92,5,1,1,2.3333333333333335,New Customers
CG-11251,19,29,11227.75,5,2,1,2.6666666666666665,New Customers
CG-11252,106,30,16216.65,3,2,1,2.0,Needs Attention
CG-11253,92,31,15393.98,4,3,1,2.6666666666666665,Needs Attention
CG-11254,88,39,30520.06,4,5,4,4.333333333333333,Champions
CG-11255,49,35,26882.84,5,4,4,4.333333333333333,Champions
CG-11256,167,29,42359.04,2,2,5,3.0,Needs Attention
CG-11257,122,31,34927.14,3,3,5,3.6666666666666665,Loyal Customers
CG-11258,88,30,42091.229999999996,4,2,5,3.6666666666666665,New Customers
CG-11259,131,30,27476.88,3,2,4,3.0,Potential Loyalists
CG-11260,81,34,15803.51,4,4,1,3.0,Needs Attention
CG-11261,283,35,65366.630000000005,1,4,5,3.3333333333333335,At Risk
CG-11262,85,30,32238.64,4,2,4,3.3333333333333335,New Customers
CG-11263,173,37,19682.420000000002,2,5,2,3.0,Needs Attention
CG-11264,136,31,22301.24,3,3,3,3.0,Loyal Customers
CG-11265,149,26,24954.12,2,1,3,2.0,Needs Attention
CG-11266,113,38,43880.35,3,5,5,4.333333333333333,Loyal Customers
CG-11267,186,35,37383.71,1,4,5,3.3333333333333335,At Risk
CG-11268,146,30,13730.279999999999,2,2,1,1.6666666666666667,Needs Attention
CG-11269,26,33,28875.36,5,3,4,4.0,Loyal Customers
CG-11270,138,31,7298.49,2,3,1,2.0,Needs Attention
CG-11271,178,28,27513.79,1,2,4,2.3333333333333335,Lost
CG-11272,174,37,26402.350000000002,2,5,3,3.3333333333333335,At Risk
CG-11273,235,29,18150.03,1,2,2,1.6666666666666667,Lost
CG-11274,72,33,19652.44,4,3,2,3.0,Needs Attention
CG-11275,40,24,15330.689999999999,5,1,1,2.3333333333333335,New Customers
CG-11276,42,23,7348.4800000000005,5,1,1,2.3333333333333335,New Customers
CG-11277,130,31,18895.88,3,3,2,2.6666666666666665,Needs Attention
CG-11278,69,34,20284.14,4,4,2,3.3333333333333335,Needs Attention
CG-11279,153,35,20834.09,2,4,2,2.6666666666666665,Needs Attention
CG-11280,98,28,20971.0,4,2,2,2.6666666666666665,New Customers
CG-11281,200,26,17017.260000000002,1,1,1,1.0,Lost
CG-11282,23,30,41350.41,5,2,5,4.0,New Customers
CG-11283,120,38,27422.63,3,5,4,4.0,Loyal Customers
CG-11284,95,30,25065.82,4,2,3,3.0,New Customers
CG-11285,182,29,25531.37,1,2,3,2.0,Lost
CG-11286,98,36,23378.829999999998,4,4,3,3.6666666666666665,Loyal Customers
CG-11287,30,33,18584.3,5,3,2,3.3333333333333335,Needs Attention
CG-11288,233,29,21952.46,1,2,3,2.0,Lost
CG-11289,117,37,19552.15,3,5,2,3.3333333333333335,Needs Attention
CG-11290,231,27,22858.05,1,2,3,2.0,Lost
CG-11291,125,37,20730.4,3,5,2,3.3333333333333335,Needs Attention
CG-11292,71,32,25918.17,4,3,3,3.3333333333333335,Loyal Customers
CG-11293,238,32,14132.41,1,3,1,1.6666666666666667,Needs Attention
CG-11294,44,33,21041.68,5,3,2,3.3333333333333335,Needs Attention
CG-11295,93,30,29483.059999999998,4,2,4,3.3333333333333335,New Customers
CG-11296,109,37,16243.3,3,5,1,3.0,Needs Attention
CG-11297,96,22,18603.72,4,1,2,2.3333333333333335,New Customers
CG-11298,266,22,13342.880000000001,1,1,1,1.0,Lost
CG-11299,212,26,28217.4,1,1,4,2.0,Lost
CG-11300,173,32,33760.2,2,3,5,3.3333333333333335,At Risk
CG-11301,67,29,25813.12,5,2,3,3.3333333333333335,New Customers
CG-11302,330,39,39824.31,1,5,5,3.6666666666666665,At Risk
CG-11303,61,32,23156.079999999998,5,3,3,3.6666666666666665,Loyal Customers
CG-11304,162,42,31917.64,2,5,4,3.6666666666666665,At Risk
CG-11305,151,33,41855.62,2,3,5,3.3333333333333335,At Risk
CG-11306,146,25,15494.64,2,1,1,1.3333333333333333,Needs Attention
CG-11307,185,32,36551.42,1,3,5,3.0,At Risk
CG-11308,72,33,28270.14,4,3,4,3.6666666666666665,Loyal Customers
CG-11309,119,30,22673.73,3,2,3,2.6666666666666665,Needs Attention
CG-11310,190,23,9258.1,1,1,1,1.0,Lost
CG-11311,176,34,18663.05,2,4,2,2.6666666666666665,Needs Attention
CG-11312,90,29,45833.369999999995,4,2,5,3.6666666666666665,New Customers
CG-11313,67,33,28054.9,5,3,4,4.0,Loyal Customers
CG-11314,110,32,22108.04,3,3,3,3.0,Loyal Customers
CG-11315,188,26,18404.89,1,1,2,1.3333333333333333,Lost
CG-11316,122,32,19950.49,3,3,2,2.6666666666666665,Needs Attention
CG-11317,166,33,39550.659999999996,2,3,5,3.3333333333333335,At Risk
CG-11318,118,35,23323.88,3,4,3,3.3333333333333335,Loyal Customers
CG-11319,83,39,18285.46,4,5,2,3.6666666666666665,Needs Attention
CG-11320,152,36,37239.67,2,4,5,3.6666666666666665,At Risk
CG-11321,186,34,37655.1,1,4,5,3.3333333333333335,At Risk
CG-11322,137,39,67563.13,2,5,5,4.0,At Risk
CG-11323,86,30,19613.2,4,2,2,2.6666666666666665,New Customers
CG-11324,177,42,48264.1,2,5,5,4.0,At Risk
CG-11325,160,26,22341.89,2,1,3,2.0,Needs Attention
CG-11326,139,23,20243.86,2,1,2,1.6666666666666667,Needs Attention
CG-11327,134,27,20303.29,3,2,2,2.3333333333333335,Needs Attention
CG-11328,98,32,48619.9,4,3,5,4.0,Loyal Customers
CG-11329,154,27,11308.62,2,2,1,1.6666666666666667,Needs Attention
CG-11330,156,32,11755.4,2,3,1,2.0,Needs Attention
CG-11331,105,41,47605.229999999996,3,5,5,4.333333333333333,Loyal Customers
CG-11332,77,34,25213.91,4,4,3,3.6666666666666665,Loyal Customers
CG-11333,143,36,21169.09,2,4,2,2.6666666666666665,Needs Attention
CG-11334,86,25,11886.95,4,1,1,2.0,New Customers
CG-11335,74,36,32556.04,4,4,4,4.0,Champions
CG-11336,146,25,19555.56,2,1,2,1.6666666666666667,Needs Attention
CG-11337,133,27,23377.65,3,2,3,2.6666666666666665,Needs Attention
CG-11338,83,29,31039.23,4,2,4,3.3333333333333335,New Customers
CG-11339,144,31,30880.510000000002,2,3,4,3.0,At Risk
CG-11340,132,34,24875.65,3,4,3,3.3333333333333335,Loyal Customers
CG-11341,60,30,25839.02,5,2,3,3.3333333333333335,New Customers
CG-11342,141,46,43329.23,2,5,5,4.0,At Risk
CG-11343,170,28,45246.85,2,2,5,3.0,Needs Attention
CG-11344,177,35,21409.48,2,4,2,2.6666666666666665,Needs Attention
CG-11345,104,33,11194.71,3,3,1,2.3333333333333335,Needs Attention
CG-11346,4,36,35162.81,5,4,5,4.666666666666667,Champions
CG-11347,181,29,35488.96,1,2,5,2.6666666666666665,Lost
CG-11348,39,39,34616.13,5,5,5,5.0,Champions
CG-11349,66,29,16889.81,5,2,1,2.6666666666666665,New Customers
CG-11350,138,25,24538.19,2,1,3,2.0,Needs Attention
CG-11351,12,37,39203.18,5,5,5,5.0,Champions
CG-11352,127,31,19116.09,3,3,2,2.6666666666666665,Needs Attention
CG-11353,110,27,19745.31,3,2,2,2.3333333333333335,Needs Attention
CG-11354,158,29,20052.14,2,2,2,2.0,Needs Attention
CG-11355,187,36,35228.77,1,4,5,3.3333333333333335,At Risk
CG-11356,156,26,10865.880000000001,2,1,1,1.3333333333333333,Needs Attention
CG-11357,159,35,36800.81,2,4,5,3.6666666666666665,At Risk
CG-11358,186,35,23472.51,1,4,3,2.6666666666666665,At Risk
CG-11359,178,28,14712.81,1,2,1,1.3333333333333333,Lost
CG-11360,36,39,30561.79,5,5,4,4.666666666666667,Champions
CG-11361,165,35,37593.58,2,4,5,3.6666666666666665,At Risk
CG-11362,114,34,21909.38,3,4,3,3.3333333333333335,Loyal Customers
CG-11363,162,27,18914.03,2,2,2,2.0,Needs Attention
CG-11364,53,29,15085.5,5,2,1,2.6666666666666665,New Customers
CG-11365,172,25,28230.38,2,1,4,2.3333333333333335,Needs Attention
CG-11366,173,26,16210.62,2,1,1,1.3333333333333333,Needs Attention
CG-11367,68,33,32957.28,4,3,4,3.6666666666666665,Loyal Customers
CG-11368,146,44,24540.21,2,5,3,3.3333333333333335,At Risk
CG-11369,156,45,31735.84,2,5,4,3.6666666666666665,At Risk
CG-11370,95,28,20157.31,4,2,2,2.6666666666666665,New Customers
CG-11371,87,26,38740.52,4,1,5,3.3333333333333335,New Customers
CG-11372,102,26,23574.489999999998,4,1,3,2.6666666666666665,New Customers
CG-11373,87,35,31400.780000000002,4,4,4,4.0,Champions
CG-11374,84,32,35325.64,4,3,5,4.0,Loyal Customers
CG-11375,192,26,10230.94,1,1,1,1.0,Lost
CG-11376,49,27,13837.6,5,2,1,2.6666666666666665,New Customers
CG-11377,96,36,43225.12,4,4,5,4.333333333333333,Champions
CG-11378,80,26,24266.329999999998,4,1,3,2.6666666666666665,New Customers
CG-11379,201,29,21530.04,1,2,2,1.6666666666666667,Lost
CG-11380,61,25,27881.39,5,1,4,3.3333333333333335,New Customers
CG-11381,147,20,24696.75,2,1,3,2.0,Needs Attention
CG-11382,202,28,20545.399999999998,1,2,2,1.6666666666666667,Lost
CG-11383,93,41,36520.79,4,5,5,4.666666666666667,Champions
CG-11384,133,42,44433.5,3,5,5,4.333333333333333,Loyal Customers
CG-11385,123,39,33974.15,3,5,5,4.333333333333333,Loyal Customers
CG-11386,67,39,21015.77,5,5,2,4.0,Needs Attention
CG-11387,214,30,32745.489999999998,1,2,4,2.3333333333333335,Lost
CG-11388,98,30,25857.61,4,2,3,3.0,New Customers
CG-11389,123,31,30099.55,3,3,4,3.3333333333333335,Loyal Customers
CG-11390,124,32,28480.42,3,3,4,3.3333333333333335,Loyal Customers
CG-11391,136,29,17994.58,3,2,2,2.3333333333333335,Needs Attention
CG-11392,195,33,24625.629999999997,1,3,3,2.3333333333333335,At Risk
CG-11393,283,27,13064.22,1,2,1,1.3333333333333333,Lost
CG-11394,76,32,16849.62,4,3,1,2.6666666666666665,Needs Attention
CG-11395,140,34,27338.239999999998,2,4,4,3.3333333333333335,At Risk
CG-11396,247,32,22224.79,1,3,3,2.3333333333333335,At Risk
CG-11397,238,36,16693.56,1,4,1,2.0,Needs Attention
CG-11398,81,39,44409.32,4,5,5,4.666666666666667,Champions
CG-11399,152,39,24827.85,2,5,3,3.3333333333333335,At Risk
CG-11400,140,28,15110.9,2,2,1,1.6666666666666667,Needs Attention
CG-11401,157,35,39495.770000000004,2,4,5,3.6666666666666665,At Risk
CG-11402,80,28,14028.119999999999,4,2,1,2.3333333333333335,New Customers
CG-11403,246,31,22106.87,1,3,3,2.3333333333333335,At Risk
CG-11404,99,33,20561.42,4,3,2,3.0,Needs Attention
CG-11405,134,31,29522.44,3,3,4,3.3333333333333335,Loyal Customers
CG-11406,126,25,10611.28,3,1,1,1.6666666666666667,Needs Attention
CG-11407,284,29,16116.66,1,2,1,1.3333333333333333,Lost
CG-11408,50,43,36039.840000000004,5,5,5,5.0,Champions
CG-11409,179,24,40371.83,1,1,5,2.3333333333333335,Lost
CG-11410,204,26,12869.25,1,1,1,1.0,Lost
CG-11411,39,31,32332.75,5,3,4,4.0,Loyal Customers
CG-11412,132,43,27190.34,3,5,4,4.0,Loyal Customers
CG-11413,58,38,20596.03,5,5,2,4.0,Needs Attention
CG-11414,54,33,31767.08,5,3,4,4.0,Loyal Customers
CG-11415,133,26,15738.23,3,1,1,1.6666666666666667,Needs Attention
CG-11416,221,25,26419.35,1,1,3,1.6666666666666667,Lost
CG-11417,72,39,29271.71,4,5,4,4.333333333333333,Champions
CG-11418,179,33,22571.71,1,3,3,2.3333333333333335,At Risk
CG-11419,118,39,36826.19,3,5,5,4.333333333333333,Loyal Customers
CG-11420,191,21,26355.86,1,1,3,1.6666666666666667,Lost
CG-11421,258,32,25234.4,1,3,3,2.3333333333333335,At Risk
CG-11422,72,34,29550.17,4,4,4,4.0,Champions
CG-11423,195,36,16964.77,1,4,1,2.0,Needs Attention
CG-11424,75,31,20946.260000000002,4,3,2,3.0,Needs Attention
CG-11425,151,45,39804.92,2,5,5,4.0,At Risk
CG-11426,109,26,14835.91,3,1,1,1.6666666666666667,Needs Attention
CG-11427,105,29,32307.670000000002,3,2,4,3.0,Potential Loyalists
CG-11428,104,39,35805.92,3,5,5,4.333333333333333,Loyal Customers
CG-11429,267,25,9789.18,1,1,1,1.0,Lost
CG-11430,72,36,36159.77,4,4,5,4.333333333333333,Champions
CG-11431,69,22,19927.0,4,1,2,2.3333333333333335,New Customers
CG-11432,59,33,32381.05,5,3,4,4.0,Loyal Customers
CG-11433,70,31,21659.73,4,3,2,3.0,Needs Attention
CG-11434,202,28,22088.739999999998,1,2,3,2.0,Lost
CG-11435,102,33,27212.940000000002,4,3,4,3.6666666666666665,Loyal Customers
CG-11436,196,28,19123.899999999998,1,2,2,1.6666666666666667,Lost
CG-11437,93,38,33804.86,4,5,5,4.666666666666667,Champions
CG-11438,221,28,62637.54,1,2,5,2.6666666666666665,Lost
CG-11439,102,19,25289.69,4,1,3,2.6666666666666665,New Customers
CG-11440,149,40,28584.51,2,5,4,3.6666666666666665,At Risk
CG-11441,114,34,31287.37,3,4,4,3.6666666666666665,Loyal Customers
CG-11442,212,25,17149.31,1,1,1,1.0,Lost
CG-11443,112,25,7504.46,3,1,1,1.6666666666666667,Needs Attention
CG-11444,93,33,14019.72,4,4,1,3.0,Needs Attention
CG-11445,94,35,19030.13,4,4,2,3.3333333333333335,Needs Attention
CG-11446,78,30,36977.56,4,2,5,3.6666666666666665,New Customers
CG-11447,53,33,28601.739999999998,5,4,4,4.333333333333333,Champions
CG-11448,162,23,18802.91,2,1,2,1.6666666666666667,Needs Attention
CG-11449,63,33,22230.87,5,4,3,4.0,Loyal Customers
CG-11450,122,38,55511.62,3,5,5,4.333333333333333,Loyal Customers
CG-11451,30,34,25261.95,5,4,3,4.0,Loyal Customers
CG-11452,70,38,27158.01,4,5,4,4.333333333333333,Champions
CG-11453,24,36,13367.1,5,4,1,3.3333333333333335,Needs Attention
CG-11454,206,32,14569.18,1,3,1,1.6666666666666667,Needs Attention
CG-11455,66,44,21578.21,5,5,2,4.0,Needs Attention
CG-11456,33,32,29401.56,5,3,4,4.0,Loyal Customers
CG-11457,30,34,23867.0,5,4,3,4.0,Loyal Customers
CG-11458,53,34,19760.73,5,4,2,3.6666666666666665,Needs Attention
CG-11459,57,36,27100.52,5,4,4,4.333333333333333,Champions
CG-11460,159,38,20784.18,2,5,2,3.0,Needs Attention
CG-11461,102,39,25726.43,4,5,3,4.0,Loyal Customers
CG-11462,142,30,13260.19,2,2,1,1.6666666666666667,Needs Attention
CG-11463,143,36,28428.93,2,4,4,3.3333333333333335,At Risk
CG-11464,131,31,33783.14,3,3,5,3.6666666666666665,Loyal Customers
CG-11465,60,30,27732.239999999998,5,2,4,3.6666666666666665,New Customers
CG-11466,196,24,12860.81,1,1,1,1.0,Lost
CG-11467,186,31,21723.07,1,3,2,2.0,Needs Attention
CG-11468,114,37,19570.12,3,5,2,3.3333333333333335,Needs Attention
CG-11469,171,37,18406.93,2,5,2,3.0,Needs Attention
CG-11470,55,30,28062.64,5,2,4,3.6666666666666665,New Customers
CG-11471,166,31,16952.92,2,3,1,2.0,Needs Attention
CG-11472,206,33,26393.09,1,4,3,2.6666666666666665,At Risk
CG-11473,229,51,30942.71,1,5,4,3.3333333333333335,At Risk
CG-11474,109,26,21150.75,3,1,2,2.0,Needs Attention
CG-11475,226,32,18849.32,1,3,2,2.0,Needs Attention
CG-11476,98,34,19368.22,4,4,2,3.3333333333333335,Needs Attention
CG-11477,161,35,24531.35,2,4,3,3.0,At Risk
CG-11478,244,24,12043.22,1,1,1,1.0,Lost
CG-11479,182,37,25743.55,1,5,3,3.0,At Risk
CG-11480,125,33,37371.23,3,4,5,4.0,Loyal Customers
CG-11481,195,32,13876.28,1,3,1,1.6666666666666667,Needs Attention
CG-11482,119,25,13905.16,3,1,1,1.6666666666666667,Needs Attention
CG-11483,88,31,27627.66,4,3,4,3.6666666666666665,Loyal Customers
CG-11484,185,35,21276.46,1,4,2,2.3333333333333335,Needs Attention
CG-11485,58,32,23262.29,5,3,3,3.6666666666666665,Loyal Customers
CG-11486,119,21,19878.25,3,1,2,2.0,Needs Attention
CG-11487,21,34,24998.16,5,4,3,4.0,Loyal Customers
CG-11488,78,29,19023.04,4,2,2,2.6666666666666665,New Customers
CG-11489,52,33,13724.92,5,4,1,3.3333333333333335,Needs Attention
CG-11490,112,38,27261.16,3,5,4,4.0,Loyal Customers
CG-11491,56,25,36367.659999999996,5,1,5,3.6666666666666665,New Customers
CG-11492,154,41,24273.12,2,5,3,3.3333333333333335,At Risk
CG-11493,215,34,22484.6,1,4,3,2.6666666666666665,At Risk
CG-11494,111,39,24608.37,3,5,3,3.6666666666666665,Loyal Customers
CG-11495,86,39,25240.73,4,5,3,4.0,Loyal Customers
CG-11496,186,30,33610.05,1,2,5,2.6666666666666665,Lost
CG-11497,135,30,44455.92,3,2,5,3.3333333333333335,Potential Loyalists
CG-11498,134,35,26853.57,3,4,4,3.6666666666666665,Loyal Customers
CG-11499,185,26,41972.97,1,1,5,2.3333333333333335,Lost
CG-11500,181,25,17950.98,1,1,2,1.3333333333333333,Lost
CG-11501,333,27,29360.79,1,2,4,2.3333333333333335,Lost
CG-11502,46,39,39750.47,5,5,5,5.0,Champions
CG-11503,143,29,42945.94,2,2,5,3.0,Needs Attention
CG-11504,247,25,21798.54,1,1,2,1.3333333333333333,Lost
CG-11505,219,22,10570.43,1,1,1,1.0,Lost
CG-11506,62,36,36252.25,5,4,5,4.666666666666667,Champions
CG-11507,222,29,11926.59,1,2,1,1.3333333333333333,Lost
CG-11508,84,25,21950.11,4,1,3,2.6666666666666665,New Customers
CG-11509,122,36,25894.76,3,4,3,3.3333333333333335,Loyal Customers
CG-11510,155,32,21507.79,2,3,2,2.3333333333333335,Needs Attention
CG-11511,165,31,16318.1,2,3,1,2.0,Needs Attention
CG-11512,170,29,16798.39,2,2,1,1.6666666666666667,Needs Attention
CG-11513,213,26,24138.75,1,1,3,1.6666666666666667,Lost
CG-11514,162,38,22019.13,2,5,3,3.3333333333333335,At Risk
CG-11515,185,19,8784.39,1,1,1,1.0,Lost
CG-11516,152,34,45686.26,2,4,5,3.6666666666666665,At Risk
CG-11517,72,32,35223.5,4,3,5,4.0,Loyal Customers
CG-11518,140,31,34878.4,2,3,5,3.3333333333333335,At Risk
CG-11519,115,37,15529.99,3,5,1,3.0,Needs Attention
CG-11520,202,28,27788.92,1,2,4,2.3333333333333335,Lost
CG-11521,124,44,43517.19,3,5,5,4.333333333333333,Loyal Customers
CG-11522,191,37,27188.55,1,5,4,3.3333333333333335,At Risk
CG-11523,226,28,14404.16,1,2,1,1.3333333333333333,Lost
CG-11524,113,35,20599.14,3,4,2,3.0,Needs Attention
CG-11525,66,30,13093.880000000001,5,2,1,2.6666666666666665,New Customers
CG-11526,97,26,35377.21,4,1,5,3.3333333333333335,New Customers
CG-11527,43,34,37105.05,5,4,5,4.666666666666667,Champions
CG-11528,230,29,31857.54,1,2,4,2.3333333333333335,Lost
CG-11529,99,27,39774.259999999995,4,2,5,3.6666666666666665,New Customers
CG-11530,59,31,23360.97,5,3,3,3.6666666666666665,Loyal Customers
CG-11531,125,21,12182.02,3,1,1,1.6666666666666667,Needs Attention
CG-11532,68,34,28073.82,4,4,4,4.0,Champions
CG-11533,125,35,22375.04,3,4,3,3.3333333333333335,Loyal Customers
CG-11534,62,31,21672.56,5,3,2,3.3333333333333335,Needs Attention
CG-11535,29,33,23055.63,5,4,3,4.0,Loyal Customers
CG-11536,96,42,16495.39,4,5,1,3.3333333333333335,Needs Attention
CG-11537,103,43,24397.29,3,5,3,3.6666666666666665,Loyal Customers
CG-11538,99,31,16776.58,4,3,1,2.6666666666666665,Needs Attention
CG-11539,70,36,21099.4,4,4,2,3.3333333333333335,Needs Attention
CG-11540,106,46,35726.64,3,5,5,4.333333333333333,Loyal Customers
CG-11541,130,24,11804.720000000001,3,1,1,1.6666666666666667,Needs Attention
CG-11542,199,31,32360.010000000002,1,3,4,2.6666666666666665,At Risk
CG-11543,191,26,13882.46,1,1,1,1.0,Lost
CG-11544,30,33,16940.22,5,4,1,3.3333333333333335,Needs Attention
CG-11545,137,34,40444.87,2,4,5,3.6666666666666665,At Risk
CG-11546,152,22,15655.06,2,1,1,1.3333333333333333,Needs Attention
CG-11547,82,26,19211.420000000002,4,1,2,2.3333333333333335,New Customers
CG-11548,124,34,25927.829999999998,3,4,3,3.3333333333333335,Loyal Customers
CG-11549,82,28,18422.79,4,2,2,2.6666666666666665,New Customers
CG-11550,32,31,18785.93,5,3,2,3.3333333333333335,Needs Attention
CG-11551,33,30,20012.309999999998,5,2,2,3.0,New Customers
CG-11552,140,30,31687.14,2,2,4,2.6666666666666665,Needs Attention
CG-11553,122,33,16734.48,3,4,1,2.6666666666666665,Needs Attention
CG-11554,177,41,21286.3,2,5,2,3.0,Needs Attention
CG-11555,26,35,39509.65,5,4,5,4.666666666666667,Champions
CG-11556,145,33,24943.4,2,4,3,3.0,At Risk
CG-11557,99,34,42376.56,4,4,5,4.333333333333333,Champions
CG-11558,9,34,16059.24,5,4,1,3.3333333333333335,Needs Attention
CG-11559,94,44,20871.2,4,5,2,3.6666666666666665,Needs Attention
CG-11560,38,30,24670.88,5,2,3,3.3333333333333335,New Customers
CG-11561,44,25,15410.6,5,1,1,2.3333333333333335,New Customers
CG-11562,79,28,10193.77,4,2,1,2.3333333333333335,New Customers
CG-11563,128,24,12735.94,3,1,1,1.6666666666666667,Needs Attention
CG-11564,132,39,25669.56,3,5,3,3.6666666666666665,Loyal Customers
CG-11565,45,36,31378.27,5,4,4,4.333333333333333,Champions
CG-11566,138,27,36985.79,2,2,5,3.0,Needs Attention
CG-11567,202,26,7314.59,1,1,1,1.0,Lost
CG-11568,76,27,19970.96,4,2,2,2.6666666666666665,New Customers
CG-11569,262,28,23547.15,1,2,3,2.0,Lost
CG-11570,287,23,29613.57,1,1,4,2.0,Lost
CG-11571,114,41,39683.49,3,5,5,4.333333333333333,Loyal Customers
CG-11572,308,42,33130.97,1,5,5,3.6666666666666665,At Risk
CG-11573,91,31,33925.48,4,3,5,4.0,Loyal Customers
CG-11574,78,26,17601.15,4,1,2,2.3333333333333335,New Customers
CG-11575,53,31,17680.86,5,3,2,3.3333333333333335,Needs Attention
CG-11576,157,33,19173.49,2,4,2,2.6666666666666665,Needs Attention
CG-11577,177,41,28112.27,2,5,4,3.6666666666666665,At Risk
CG-11578,151,33,26191.99,2,4,3,3.0,At Risk
CG-11579,155,36,26388.15,2,4,3,3.0,At Risk
CG-11580,135,40,32641.92,3,5,4,4.0,Loyal Customers
CG-11581,72,36,21986.11,4,4,3,3.6666666666666665,Loyal Customers
CG-11582,19,27,22051.57,5,2,3,3.3333333333333335,New Customers
CG-11583,145,22,10127.65,2,1,1,1.3333333333333333,Needs Attention
CG-11584,202,38,28122.54,1,5,4,3.3333333333333335,At Risk
CG-11585,116,40,25233.42,3,5,3,3.6666666666666665,Loyal Customers
CG-11586,140,46,48335.36,2,5,5,4.0,At Risk
CG-11587,35,39,16045.26,5,5,1,3.6666666666666665,Needs Attention
CG-11588,208,32,19724.72,1,3,2,2.0,Needs Attention
CG-11589,188,24,16109.0,1,1,1,1.0,Lost
